Symbol,marketcap
AABA,43218280579
AAL,16960013122
AAME,57620563
AAOI,305295383
AAON,2197347571
AAPL,815601981600
AAWW,1507268258
AAXJ,4621320000
AAXN,3278115218
ABAC,14165099
ABCB,1968397555
ABDC,94350293
ABEO,310200824
ABEOW,0
ABIL,6889593
ABIO,6371649
ABMD,15897255196
ABTX,835539589
ABUS,210258721
ACAD,2867959592
ACBI,495692212
ACER,237351047
ACET,7845238
ACGL,12999291138
ACGLO,0
ACGLP,0
ACHC,2444694386
ACHN,346540425
ACHV,22179640
ACIA,2242577492
ACIU,293027702
ACIW,3670755764
ACLS,716949180
ACMR,185483323
ACNB,279726994
ACOR,614929323
ACRS,275909927
ACRX,198103270
ACST,78909853
ACT,13798895
ACTG,158845821
ACWI,10024960000
ACWX,3740330000
ADAP,477886952
ADBE,126272239393
ADES,240182510
ADI,39112544042
ADIL,27576000
ADILW,0
ADMA,201627907
ADMP,149913605
ADMS,303697772
ADOM,31638547
ADP,66729750706
ADRA,18446040
ADRD,37348850
ADRE,135890740
ADRO,324762704
ADRU,13461500
ADSK,35372117102
ADTN,695693577
ADUS,908370919
ADVM,232613002
ADXS,25330150
AEGN,668899593
AEHR,32858600
AEIS,1999121517
AEMD,19150110
AERI,1819962745
AETI,7436851
AEY,14194970
AEYE,85297643
AEZS,67900339
AFH,103493530
AFHBL,0
AFIN,1214219244
AFMD,211630649
AGEN,378898643
AGFS,201756840
AGFSW,0
AGIO,3424396869
AGLE,197687441
AGMH,962933434
AGNC,9497873000
AGNCB,8875462161
AGNCN,0
AGND,25703100
AGRX,31499947
AGTC,61761184
AGYS,491648594
AGZD,80852000
AHPI,7786262
AIA,1085475000
AIHS,84108050
AIMC,2182606374
AIMT,1469886582
AINV,1090399791
AIPT,12575013
AIQ,46715661
AIRG,122446681
AIRR,109267551
AIRT,62918034
AKAM,11377820576
AKAO,35651187
AKBA,855616632
AKCA,2440354047
AKER,12320433
AKRX,527067967
AKTS,208195893
AKTX,27462481
ALAC,145869218
ALACR,0
ALACU,0
ALACW,0
ALBO,316843994
ALCO,227466235
ALDR,980486897
ALDX,213958269
ALGN,20315232930
ALGR,188312800
ALGRR,0
ALGRU,0
ALGRW,0
ALGT,2274978896
ALIM,74283611
ALJJ,69968640
ALKS,5194446569
ALLK,1586820063
ALLO,3774466588
ALLT,252527144
ALNA,136816631
ALNY,8300918407
ALOT,132937421
ALPN,123244409
ALQA,11061514
ALRM,3124523927
ALRN,23745045
ALSK,95202006
ALT,24602281
ALTM,2651423129
ALTR,2326463505
ALTY,0
ALXN,28990682797
ALYA,142794021
AMAG,536750848
AMAL,583961732
AMAT,37610559232
AMBA,1305758188
AMBC,904458746
AMBCW,0
AMCA,11096000
AMCI,0
AMCIU,0
AMCIW,0
AMCN,27914937
AMCX,3604327168
AMD,24489080766
AMED,4108527095
AMEH,681351974
AMGN,119478608250
AMKR,2237237837
AMMA,4050058
AMNB,317681152
AMOT,394975602
AMPH,1112816993
AMR,356883690
AMRB,82017992
AMRH,13193281
AMRHW,0
AMRK,88736899
AMRN,6483349495
AMRS,362633491
AMRWW,0
AMSC,343970221
AMSF,1214008740
AMSWA,360335185
AMTB,690496170
AMTBB,528991750
AMTD,31940719215
AMTX,19462445
AMWD,1478290032
AMZN,801426987208
ANAB,1802788841
ANAT,4114549115
ANCX,497661803
ANDAU,0
ANDE,1208506400
ANGI,8256336000
ANGO,854155669
ANIK,482336851
ANIP,715724676
ANIX,104371148
ANSS,14663111959
ANY,5676015
AOBC,699201851
AOSL,272202973
APDN,25089819
APDNW,0
APEI,547418286
APEN,76846217
APLS,799769360
APM,445120023
APOG,1015559646
APOP,7433642
APOPW,0
APPF,2416032245
APPN,2265413006
APPS,251425664
APRI,6199629
APTO,75169997
APTX,200984064
APVO,37405802
APWC,32752616
APYX,222463564
AQB,40162906
AQMS,129844066
AQST,161625359
AQXP,60137975
ARAV,59823834
ARAY,464003976
ARCB,950050694
ARCC,7434640608
ARCE,1301257989
ARCI,3567833
ARCT,52196660
ARCW,24750447
ARDM,5833747
ARDS,70511386
ARDX,168384576
AREX,89790791
ARGX,4560410090
ARKR,67934694
ARLP,2440219485
ARNA,2483662342
AROW,518689275
ARPO,115675811
ARQL,364038447
ARRS,5505215595
ARRY,5071283041
ARTNA,371514526
ARTW,9449590
ARTX,92701532
ARVN,622756211
ARWR,1733416031
ARYA,175195313
ARYAU,0
ARYAW,0
ASCMA,7121414
ASET,10680028
ASFI,32089992
ASLN,99995376
ASMB,543893354
ASML,78700166651
ASNA,444233603
ASND,3025921259
ASNS,38078991
ASPS,409519580
ASPU,86543542
ASRT,272380421
ASRV,74001073
ASRVP,0
ASTC,25716203
ASTE,908253675
ASUR,105128553
ASV,29998312
ASYS,69857418
ATAI,26389928
ATAX,406696154
ATEC,63090405
ATHN,5558622675
ATHX,214036249
ATIS,7390856
ATISW,0
ATLC,58892278
ATLO,256774017
ATNI,966230365
ATNX,877647745
ATOM,56977060
ATOS,8582759
ATRA,1761110102
ATRC,1279085311
ATRI,1479962965
ATRO,1132378254
ATRS,507282886
ATSG,1507140672
ATTU,502269496
ATVI,31666604797
ATXI,58992458
AUBN,125567691
AUDC,385278985
AUPH,529246411
AUTL,1159823198
AUTO,43508472
AVAV,1973133638
AVCO,268789964
AVDL,75874629
AVEO,78341624
AVGO,112610404127
AVGR,10122193
AVID,196288924
AVNW,77204837
AVRO,334423945
AVT,4866243210
AVXL,113935546
AWRE,80147820
AWSM,21742241
AXAS,231581291
AXDX,1181532597
AXGN,694564763
AXNX,597809715
AXON,189751506
AXSM,294575048
AXTI,170803387
AY,1959247433
AYTU,14496809
AZPN,7050944943
AZRX,37824340
BABY,954628503
BAND,1044391321
BANF,1867615404
BANFP,26505300
BANR,2237976127
BANX,139964744
BASI,15419838
BATRA,0
BATRK,1508039673
BBBY,2313661384
BBCP,230204702
BBCPW,0
BBGI,122853538
BBH,415877034
BBSI,546422759
BCAC,84097996
BCACR,0
BCACW,0
BCBP,200836960
BCLI,83036020
BCML,252167180
BCNA,2154002
BCOM,171463367
BCOR,1296156749
BCOV,307191196
BCOW,30724320
BCPC,2800086459
BCRX,986769396
BCTF,51812866
BDGE,657102169
BDSI,353458090
BEAT,2212304738
BECN,2572597990
BELFA,284381470
BELFB,302507421
BFC,358856656
BFIN,254764763
BFIT,0
BFRA,284533297
BFST,321744561
BGCP,2067052000
BGFV,84427400
BGNE,8213679610
BGRN,25880000
BHBK,665037357
BHF,5063293035
BHFAL,0
BHTG,31943444
BIB,298878000
BICK,154784055
BIDU,58268868815
BIIB,63995268699
BILI,3761938056
BIMI,59753250
BIOC,5808692
BIOL,46680115
BIOS,440461387
BIQI,18879301
BIS,26555465
BJRI,1037990655
BKCC,460247852
BKEP,77959924
BKEPP,172507301
BKNG,88513600645
BKSC,100804592
BKYI,16913220
BL,2850279914
BLBD,514289646
BLCM,138755709
BLCN,77245522
BLDP,841766664
BLDR,1627947679
BLFS,333920794
BLIN,3213020
BLKB,3737235190
BLMN,2016316431
BLMT,342494434
BLNK,90275743
BLNKW,0
BLPH,39321128
BLRX,59974116
BLUE,7182470053
BMCH,1185560464
BMLP,48433000
BMRA,23787200
BMRC,624375395
BMRN,15646317254
BMTC,824296798
BNCL,1212531537
BND,37373169210
BNDW,98475000
BNDX,12453844528
BNFT,1917632820
BNGO,39930094
BNGOW,0
BNSO,13430055
BNTC,21204927
BOCH,191434480
BOJA,610970655
BOKF,6661995229
BOKFL,0
BOLD,1121463515
BOMN,529746652
BOOM,725857015
BOSC,12661883
BOTJ,64144087
BOTZ,0
BOXL,30414525
BPFH,1011396821
BPMC,3264633855
BPOP,5678752453
BPOPM,0
BPOPN,315120000
BPR,15378238006
BPRAP,0
BPRN,216086409
BPTH,3867521
BPY,8540380480
BRAC,179544087
BRACR,0
BRACW,0
BREW,328908501
BRID,216391675
BRKL,1292133210
BRKR,5919831278
BRKS,2337425496
BRPA,93065650
BRPAR,0
BRPAW,0
BRQS,129861947
BRY,1034519412
BSET,205863787
BSGM,89818841
BSQR,30720812
BSRR,420150632
BSTC,516529525
BSVN,165546875
BTAI,127198281
BTEC,54846198
BURG,7579424
BUSE,1515250514
BVNSC,0
BVSN,6598883
BVXV,33134929
BVXVW,0
BWB,341905033
BWEN,20301668
BWFG,243973051
BWMC,0
BWMCU,0
BYFC,33618188
BYSI,418536834
BZUN,2110768551
CAAS,98729292
CAC,712862308
CACC,8292247922
CACG,58712091
CADC,16809724
CAKE,2154786191
CALA,216172810
CALM,2170264203
CAMP,496757037
CAMT,335555805
CAPR,12989263
CAR,2732639056
CARA,668622531
CARB,799324921
CARG,4650797486
CARO,837588338
CART,59903981
CARV,12945324
CARZ,20622069
CASA,856719708
CASH,977615777
CASI,339722679
CASM,68236411
CASS,784728399
CASY,4936618539
CATB,36729209
CATC,354692398
CATH,0
CATM,1440853500
CATS,175720561
CATY,3183047024
CBAN,138074246
CBAT,29845175
CBAY,674039734
CBFV,140424671
CBIO,99841214
CBLI,15026658
CBLK,855079197
CBMB,54508160
CBMG,330033264
CBNK,162565775
CBPO,3180394333
CBRL,4099543344
CBSH,7070654039
CBSHP,2355158383
CBTX,845094510
CCB,199211150
CCBG,437039308
CCCL,9782825
CCD,474921873
CCIH,30904382
CCLP,118617424
CCMP,3081427602
CCNE,433788843
CCNI,18860167
CCOI,2361700484
CCRC,194110464
CCRN,339306870
CCXI,586639013
CDC,29016000
CDEV,3467070154
CDK,7255764232
CDL,0
CDLX,396755095
CDMO,229317576
CDMOP,18032770
CDNA,1219571652
CDNS,15960772940
CDTX,76316435
CDW,14361041632
CDXC,211593539
CDXS,1181332063
CDZI,245170590
CECE,261778968
CECO,1158032467
CELC,241276345
CELG,62489324554
CELGZ,0
CELH,183044752
CEMI,119450929
CENT,1799312262
CENTA,1605308526
CENX,811474144
CERC,216670244
CERN,18725355219
CERS,895548713
CETV,943143756
CETX,9329012
CETXP,0
CETXW,0
CEVA,639987427
CEY,0
CEZ,0
CFA,10062280
CFBI,76395290
CFBK,54771123
CFFAU,0
CFFAW,0
CFFI,181145062
CFFN,1907269727
CFMS,89448504
CFO,32809000
CFRX,36528396
CG,6165215329
CGBD,951669182
CGEN,214488859
CGIX,10260602
CGNX,8924669222
CGO,102871549
CGVIC,0
CHCI,8060205
CHCO,1317115800
CHDN,11834730978
CHEF,968337097
CHEK,10234913
CHEKW,0
CHEKZ,0
CHFC,3371422495
CHFS,23274
CHI,726842082
CHIC,20672000
CHKE,10951738
CHKP,19523098299
CHMA,97478266
CHMG,234059550
CHNA,2157990
CHNR,42637524
CHRS,1002688471
CHRW,12642153892
CHSCL,0
CHSCM,495710000
CHSCN,446544000
CHSCO,312409230
CHSCP,204448701
CHTR,78891861105
CHUY,384773603
CHW,463729469
CHY,807474961
CIBR,801591056
CID,0
CIDM,45106256
CIFS,28306161
CIGI,2630525098
CIL,0
CINF,14020336000
CIVB,323894176
CIVBP,0
CIVEC,0
CIZ,0
CIZN,103534628
CJJD,62214073
CKPT,99075364
CLAR,367050670
CLBK,1850750125
CLBS,41336329
CLCT,157071386
CLDC,28451203
CLDX,68066408
CLFD,196739366
CLGN,21339993
CLIR,30926737
CLIRW,0
CLLS,726827082
CLMT,239148288
CLNE,463918388
CLPS,177922014
CLRB,9753461
CLRBW,0
CLRBZ,0
CLRG,329535000
CLRO,31897094
CLSD,47716092
CLSN,41210035
CLUB,150861698
CLVS,1334663460
CLWT,7113586
CLXT,503568670
CMCO,881179358
CMCSA,174747412974
CMCT,785683610
CMCTP,0
CME,63705740747
CMFN,108228971
CMFNL,0
CMLS,275451584
CMPR,2533570598
CMRX,97390276
CMSS,269680078
CMSSR,0
CMSSU,0
CMSSW,0
CMTA,564920005
CMTL,646415347
CNAC,190859000
CNACR,0
CNACU,192897300
CNACW,0
CNAT,62310844
CNBKA,428617635
CNCE,341131889
CNCR,43336000
CNET,24198815
CNFR,39979342
CNFRL,0
CNMD,2131309477
CNOB,771423375
CNSL,766656348
CNST,245214085
CNTF,11539513
CNTY,256709641
CNXN,1103075593
COCP,82288459
CODA,71771284
CODX,19881937
COHR,3322768792
COHU,760284369
COKE,2121966841
COLB,2807237938
COLL,515668492
COLM,7262807299
COMM,4578755290
COMT,388440000
CONE,5595469856
CONN,727204545
COOP,1321337851
CORE,1428697818
CORT,1316378497
CORV,125844657
COST,95273685487
COUP,5631806415
COWN,506018617
COWNL,0
COWNZ,0
CPAH,9631086
CPHC,67002321
CPIX,85712479
CPLP,289486224
CPRT,13640762329
CPRX,298971238
CPSH,20515499
CPSI,467936555
CPSS,91035882
CPST,63188220
CPTA,138008726
CPTAG,0
CPTAL,0
CRAI,361716035
CRAY,941701053
CRBP,491183516
CREE,5421337715
CREG,10707091
CRESY,915706218
CREX,7952754
CREXW,0
CRIS,36093329
CRMT,582249908
CRNT,318183792
CRNX,551889130
CRON,3917542882
CROX,1888464468
CRSP,1650371427
CRTO,1850416559
CRUS,2353276613
CRUSC,99980000
CRVL,1239252522
CRVS,121227836
CRWS,56180197
CRZO,1079348767
CSA,42426146
CSB,0
CSBR,100890000
CSCO,225292642290
CSF,105132675
CSFL,2539652649
CSGP,14998396682
CSGS,1404904460
CSII,1224726598
CSIQ,1424708525
CSML,392594000
CSOD,3405956220
CSPI,40957806
CSQ,1903437345
CSSE,87466161
CSSEP,0
CSTE,585988140
CSTR,300256774
CSWC,381891812
CSWCL,0
CSWI,864210361
CSX,59793862131
CTAC,274927800
CTACU,0
CTACW,0
CTAS,21368772138
CTBI,770125863
CTG,61263418
CTHR,21598069
CTIB,11689493
CTIC,53413264
CTMX,809677801
CTRC,225758675
CTRE,1915906403
CTRL,485590025
CTRN,264618000
CTRP,17733003557
CTRV,3757467
CTSH,41763260000
CTSO,266824851
CTWS,830948967
CTXR,19699702
CTXRW,0
CTXS,14175592375
CUBA,35830996
CUE,128945132
CUI,40542125
CUR,9430221
CUTR,226215314
CVBF,3216440955
CVCO,1305608920
CVCY,274411552
CVGI,257049445
CVGW,1464208116
CVLT,3109494786
CVLY,206003617
CVTI,452047066
CVV,27997277
CWBC,85779578
CWBR,140436506
CWCO,201568865
CWST,1635788207
CXDC,126122103
CXSE,123607000
CY,5675376612
CYAD,240234580
CYAN,21418524
CYBE,140785199
CYBR,3767399211
CYCC,10249156
CYCCP,1776947
CYOU,1138713336
CYRN,131112544
CYRX,336567071
CYRXW,0
CYTK,398295352
CYTR,20148863
CYTX,3300353
CYTXZ,0
CZFC,64582047
CZNC,325846279
CZR,6061083650
CZWI,132537495
DAIO,52330647
DAKT,372342507
DALI,59646340
DARE,9651726
DAVE,45459630
DAX,15174000
DBVT,469075738
DBX,9532977482
DCAR,4322038
DCIX,12583011
DCOM,733769714
DCPH,1039825760
DDBI,10716000
DDIV,29587547
DDMX,70570664
DDMXU,72232000
DDMXW,0
DELT,16069933
DENN,1147224732
DERM,337388169
DEST,39730691
DFBH,311250000
DFBHU,0
DFBHW,0
DFFN,10365023
DFNL,143112960
DFRG,293898232
DFVS,3812166
DGICA,384342742
DGICB,338533625
DGII,378317291
DGLD,16073814
DGLY,35339909
DGRE,68628000
DGRS,125018000
DGRW,2698750000
DHIL,509173445
DHXM,218519730
DINT,104548000
DIOD,2087680859
DISCA,15291441631
DISCB,15866611330
DISCK,14401491245
DISH,15355958295
DJCO,312752776
DLBS,13126617
DLHC,76549984
DLPN,24150598
DLPNW,0
DLTH,851937607
DLTR,23109262913
DMAC,42805609
DMLP,612024515
DMPI,8494397
DMRC,346727571
DNBF,170017448
DNJR,183005872
DNKN,5916292309
DNLI,2039678336
DOCU,8921883403
DOGZ,90622559
DOMO,868097942
DOOO,1276567082
DORM,2997959520
DOVA,222248292
DOX,7932080496
DRAD,14707667
DRIO,27418331
DRIOW,0
DRIV,0
DRNA,659312710
DRRX,127265497
DRYS,490405025
DSGX,2635831579
DSKE,317114575
DSKEW,0
DSLV,25990191
DSPG,292102624
DSWL,47814569
DTEA,36150782
DTSS,65466476
DTUS,4919521
DTYL,4922906
DTYS,50365803
DUSA,177364500
DVAX,656379775
DVCR,22843028
DVLU,14536036
DVOL,21989040
DVY,17183936000
DWAQ,43000000
DWAS,262497000
DWAT,5379200
DWCR,16212240
DWFI,105402560
DWIN,38275415
DWLD,201344000
DWLV,23230531
DWMC,1661250
DWPP,42905559
DWSH,14433180
DWSN,86038646
DWTR,63756029
DXCM,12159237057
DXGE,54568000
DXJS,87584200
DXLG,127655353
DXPE,647815191
DXYN,20741984
DYNT,17442176
DYSL,17605815
DZSI,241998343
EA,28737207074
EAGL,412343750
EAGLU,0
EAGLW,0
EARS,14265550
EAST,53584642
EBAY,34298868108
EBAYL,0
EBIX,1801135616
EBIZ,0
EBMT,111930135
EBSB,886646064
EBTC,371501757
ECHO,725671476
ECOL,1361177677
ECOR,264166805
ECPG,1037250224
EDAP,81194025
EDBI,0
EDGE,12687892
EDIT,949988475
EDNT,23987519
EDRY,17782832
EDTX,79299688
EDTXU,80327500
EDTXW,0
EDUC,65992499
EEFT,6908568751
EEI,50506811
EEMA,502050000
EFAS,0
EFBI,25312274
EFII,1208997935
EFOI,13811376
EFSC,1063869787
EGAN,318923575
EGBN,2060867986
EGLE,367318627
EGOV,1148986774
EGRX,642597000
EHTH,1408620922
EIDX,625804509
EIGI,1022756989
EIGR,251679033
EKSO,131548738
ELGX,56475354
ELOX,471614044
ELSE,11069398
ELTK,4685955
EMB,17642494000
EMCB,41994000
EMCF,82861610
EMCG,33015000
EMCI,697087136
EMIF,33341880
EMITF,9098900
EMKR,116769367
EML,168767148
EMMS,50134234
EMXC,14775000
ENDP,2357863428
ENFC,171005618
ENG,24208199
ENOB,277815736
ENPH,827232672
ENSG,2845062223
ENT,242993785
ENTA,1937159430
ENTG,4905157658
ENTX,51884573
ENTXW,0
ENZL,161687500
EOLS,672328528
EPAY,2118661727
EPIX,23883088
EPZM,938141428
EQ,104257416
EQBK,538228678
EQIX,34450544441
EQRR,6486043
ERI,3771150000
ERIC,31320958130
ERIE,9256352433
ERII,440593532
ERYP,145832160
ESBK,55906781
ESCA,185261659
ESEA,6820846
ESGD,649688000
ESGE,506012000
ESGG,79719469
ESGR,3868525380
ESGRO,0
ESGRP,0
ESGU,162445265
ESIO,1032326606
ESLT,5708404861
ESND,481815450
ESPR,1247784033
ESQ,180785352
ESSA,193844950
ESTA,534201729
ESTR,107492137
ESTRW,0
ESXB,167541541
ETFC,12051149057
ETON,128537874
ETSY,6826470637
ETTX,75847466
EUFN,672660000
EVBG,2075606120
EVER,148157431
EVFM,89500678
EVFTC,52515750
EVGBC,62512500
EVGN,57947168
EVK,54028221
EVLMC,69958700
EVLO,306890462
EVLV,34632637
EVOK,54199628
EVOL,16357969
EVOP,2109524014
EVSTC,44991000
EWBC,8022141740
EWZS,92287500
EXAS,11311755577
EXEL,6434117065
EXFO,85475675
EXLS,2192428480
EXPD,13082327761
EXPE,18690224802
EXPI,680635885
EXPO,3000060870
EXTR,984283588
EYE,2599665132
EYEG,19115306
EYEGW,0
EYEN,53735621
EYES,60061334
EYESW,0
EYPT,258342078
EZPW,573858244
FAAR,24111054
FAB,91443111
FAD,181999253
FALN,64975250
FAMI,44474491
FANG,17069786269
FANH,1683097353
FARM,408230721
FARO,765858584
FAST,17916469607
FAT,67233100
FATE,930361283
FB,462032408722
FBIO,121860936
FBIOP,0
FBIZ,196857405
FBMS,484605479
FBNC,1167469022
FBSS,79323768
FBZ,147231031
FCA,9502554
FCAL,22651616
FCAN,9597448
FCAP,172673609
FCBC,578342412
FCBP,258325410
FCCO,151066832
FCCY,159210593
FCEF,36197150
FCEL,66606417
FCFS,3878598627
FCNCA,5247302094
FCSC,18833581
FCVT,158865061
FDBC,220640712
FDEF,625874846
FDIV,79310179
FDNI,3104621
FDT,1052924100
FDTS,9317575
FDUS,378689082
FDUSL,0
FEIM,98383516
FELE,2575243090
FEM,648975051
FEMB,82259077
FEMS,157652072
FENC,140066643
FEP,625993569
FEUZ,50635470
FEX,1380632119
FEYE,3323642814
FFBC,2750829437
FFBW,72013415
FFHL,6885038
FFIC,659854160
FFIN,4322866125
FFIV,10228664583
FFNW,174262373
FFWM,691912909
FGBI,184862603
FGEN,4845448753
FGM,153180083
FHB,3678022216
FHK,3714074
FIBK,2547720377
FID,12682534
FINX,0
FISI,483923020
FISV,33259625310
FITB,17995740730
FITBI,511740000
FIVE,6957154488
FIVN,3114913668
FIXD,473575100
FIXX,908897538
FIZZ,3418939409
FJP,165000100
FKO,2338647
FKU,11012203
FLAT,4477436
FLDM,525907166
FLEX,5532239983
FLF,43739091
FLGT,80447576
FLIC,588536431
FLIR,7277107220
FLKS,6035205
FLL,56826877
FLMN,654215100
FLMNW,0
FLN,27421462
FLNT,368927517
FLWS,1134318532
FLXN,551951225
FLXS,200568935
FMAO,295979590
FMB,593936106
FMBH,594047023
FMBI,2492366250
FMCI,253212285
FMCIU,0
FMCIW,0
FMHI,37875101
FMK,26040069
FMNB,409654080
FNCB,154019015
FNHC,241564736
FNJN,92817494
FNK,59251737
FNKO,946057190
FNLC,295075275
FNSR,2839997100
FNWB,184193597
FNX,888111137
FNY,231895837
FOANC,17493000
FOCS,2342813924
FOLD,2560110339
FOMX,193248790
FONE,14484697
FONR,145007552
FORD,15921531
FORK,46078199
FORM,1210701497
FORR,900963120
FORTY,610368986
FOSL,788815672
FOX,94387724096
FOXA,95019080110
FOXF,2342723599
FPA,34375063
FPAY,14348690
FPAYW,0
FPRX,417431548
FPXE,1861037
FPXI,22423314
FRAN,31756851
FRBA,215965585
FRBK,385065350
FRED,108914144
FRGI,441015704
FRME,2012978342
FRPH,541915461
FRPT,1389124639
FRSH,90929173
FRSX,48800266
FRTA,377528952
FSBC,34317848
FSBW,237831785
FSCT,1674626935
FSFG,122266689
FSLR,5631708714
FSNN,171616107
FSTR,188863436
FSV,3059632826
FSZ,161353895
FTA,1158482105
FTAC,0
FTACU,0
FTACW,0
FTAG,4530656
FTC,933934132
FTCS,1818440108
FTD,53343993
FTDR,2442501389
FTEK,30696643
FTEO,216988158
FTFT,26674691
FTGC,174863346
FTHI,60452059
FTLB,9758698
FTNT,14786430092
FTR,269149950
FTRI,8687725
FTSL,1610927595
FTSM,4118041432
FTSV,497033600
FTXD,7808545
FTXG,1886538
FTXH,4228042
FTXL,26877063
FTXN,14130038
FTXO,184731053
FTXR,2450049
FULT,3025329280
FUNC,121144574
FUND,180350734
FUSB,63358504
FUV,64037773
FV,2417142059
FVC,531926553
FVCB,245181556
FVE,49657996
FWONA,0
FWONK,7433758599
FWP,65838651
FWRD,1934640068
FYC,307588094
FYT,62407073
FYX,617407128
GABC,773991198
GAIA,209431626
GAIN,395510631
GAINL,0
GAINM,0
GALT,252933853
GARS,119888659
GASS,131938464
GBCI,3793333537
GBDC,1111769198
GBLI,556825478
GBLIL,0
GBLIZ,0
GBT,2649752087
GCBC,273210048
GCVRZ,0
GDEN,550013186
GDS,3666245372
GEC,91009853
GECC,90545409
GECCL,0
GECCM,0
GEMP,16833185
GENC,209974841
GENE,13799935
GENY,16123536
GEOS,226440659
GERN,272068176
GEVO,21946700
GFED,103192539
GFN,321587201
GFNCP,0
GFNSL,0
GGAL,4803917755
GH,4641869487
GHDX,2942965007
GIFI,152943861
GIGM,31498870
GIII,1772359129
GILD,84278680000
GILT,492105015
GLAC,58109100
GLACR,0
GLACU,0
GLACW,0
GLAD,272220315
GLADD,0
GLADN,0
GLBS,112777
GLBZ,32503513
GLDD,512331818
GLDI,36967495
GLG,1524927
GLIBA,5782354418
GLIBP,894862350
GLMD,173071543
GLNG,2206314000
GLPG,5347415034
GLPI,7951334392
GLRE,422809050
GLUU,1282060543
GLYC,505568300
GMDA,339120656
GMHIU,0
GMLP,956951275
GMLPP,0
GNCA,47375746
GNMA,112838000
GNMK,409033126
GNMX,13316071
GNPX,22491273
GNRX,3348150
GNTX,5271171885
GNTY,367908895
GNUS,19471200
GOGL,762928571
GOGO,365576242
GOOD,613375775
GOODM,0
GOODO,30072500
GOODP,26440100
GOOG,771914118527
GOOGL,776217322318
GPAQ,158906250
GPAQU,0
GPAQW,0
GPIC,105243709
GPOR,1395081543
GPP,496554724
GPRE,656418177
GPRO,874582388
GRBIC,9999000
GRBK,461043746
GRFS,13182464071
GRID,27249751
GRIF,165631157
GRIN,106757465
GRMN,15738559993
GRNQ,184390517
GROW,19525948
GRPN,1916256794
GRSH,499000000
GRSHU,0
GRSHW,0
GRTS,365011532
GRVY,328057569
GSBC,801948391
GSHD,1212475394
GSIT,179218395
GSKY,1959551990
GSM,362870902
GSUM,114391877
GSVC,135222857
GT,4493019613
GTHX,755971701
GTIM,33811501
GTLS,2745645327
GTXI,25494955
GTYH,347435428
GTYHW,0
GULF,17820000
GURE,47271829
GVP,61482619
GWGH,354945231
GWPH,4630312433
GWRS,206983293
GYRO,26777201
HA,1553739949
HABT,292272787
HAFC,723416141
HAIN,1836648435
HAIR,35062722
HALL,188713164
HALO,2430012298
HAS,10879643108
HAYN,436860471
HBAN,15000174721
HBANN,0
HBANO,20650180876
HBCP,336829374
HBIO,161109726
HBK,51895329
HBMD,260458267
HBNC,683849753
HBP,89056841
HCAP,64250996
HCAPZ,0
HCCH,69284188
HCCHR,0
HCCHU,0
HCCHW,0
HCCI,607139871
HCKT,490002718
HCM,3467535895
HCSG,2972583440
HDS,7879686205
HDSN,53249289
HEAR,220144046
HEBT,13830767
HEES,1072032630
HELE,2992292744
HEWG,196834500
HFBC,133582227
HFBL,57814692
HFFG,297044312
HFWA,1208731523
HGSH,47108785
HHHHU,0
HIBB,324753819
HIFS,410106498
HIHO,11937884
HIIQ,774330864
HIMX,660878385
HJLI,16990095
HJLIW,0
HLG,830056140
HLIT,482295780
HLNE,2288478872
HMHC,1115758196
HMNF,101552304
HMNY,18614334
HMST,760998860
HMSY,2960243617
HMTA,83893353
HMTV,541379068
HNDL,0
HNNA,83138643
HNRG,168085834
HOFT,369700061
HOLI,1325112494
HOLX,13680141458
HOMB,3440008000
HONE,528211263
HOPE,1873004298
HOVNP,10300000
HPJ,53369627
HPT,4574786984
HQCL,818358519
HQY,5015422609
HROW,157359111
HRTX,2117436501
HRZN,151885027
HSDT,186650506
HSGX,8063302
HSIC,9137114539
HSII,640992734
HSKA,747996381
HSON,49352924
HSTM,881513903
HTBI,506950656
HTBK,624656663
HTBX,44466287
HTGM,77223483
HTHT,10287761028
HTLD,1704144000
HTLF,1683881051
HUBG,1541217104
HUNT,194405344
HUNTU,0
HUNTW,0
HURC,290490415
HURN,1255346623
HVBC,35310124
HWBK,137993324
HWC,3746024820
HWCC,99801572
HWCPL,0
HWKN,453667216
HX,166775352
HYAC,422812500
HYACU,0
HYACW,0
HYGS,151693458
HYLS,1123138595
HYND,54416070
HYRE,58423125
HYXE,10106760
HYZD,252502920
HZNP,3553669398
IAC,18358904000
IART,4674652881
IBB,8131649500
IBCP,549171795
IBKC,4316828880
IBKCO,0
IBKCP,0
IBOC,2665390429
IBTX,2545826190
IBUY,273010000
ICAD,92412056
ICBK,131730974
ICCC,39985650
ICCH,45089758
ICFI,1404126532
ICHR,480932408
ICLK,295998032
ICLN,199308000
ICLR,7903552677
ICON,13587302
ICPT,2768244588
ICUI,5121475683
IDCC,2324285318
IDEX,201464032
IDLB,133000028
IDRA,77467093
IDSA,11351011
IDSY,131005706
IDTI,6274119520
IDXG,27173478
IDXX,18038354698
IEA,140902055
IEAWW,0
IEF,13210980000
IEI,7573472000
IEP,13067371611
IESC,401208464
IEUS,154475790
IFEU,31433765
IFGL,507228000
IFMK,14329187
IFRX,831270722
IFV,573300039
IGF,2745636000
IGIB,5523829500
IGLD,27443122
IGOV,902643000
IGSB,10182810000
III,197916515
IIIN,441744931
IIIV,579878792
IIJI,1003061761
IIN,238662404
IIVI,2632763452
IJT,5836946000
IKNX,16443654
ILMN,44255820000
ILPT,1412713793
IMDZ,280800947
IMGN,854290112
IMI,52240142
IMKTA,612858224
IMMP,66888632
IMMR,302487856
IMMU,2835469093
IMOS,599901324
IMRN,28859401
IMRNW,0
IMTE,18815646
IMV,237226820
IMXI,407056309
INAP,145931580
INBK,222771673
INBKL,0
INCY,18056771358
INDB,2372794476
INDY,753388000
INFI,94967247
INFN,920430179
INFO,21103783758
INFR,0
INGN,3084834545
INMB,91999416
INNT,47971089
INO,355644549
INOD,37781083
INOV,1950915200
INPX,6338624
INSE,149386865
INSG,418317700
INSM,2196300624
INSY,457501112
INTC,236047530000
INTG,72958224
INTL,809729269
INTU,65127780152
INVA,1520647590
INVE,87940117
INWK,263057716
IONS,8083701928
IOSP,1980079703
IOTS,177782218
IOVA,1208293070
IPAR,2380118638
IPAS,25863461
IPCI,7419758
IPDN,5779768
IPGP,8281655583
IPHS,678925127
IPIC,65189355
IPKW,199776715
IPLDP,0
IPWR,6160192
IQ,140319001495
IRBT,3336253255
IRCP,710719231
IRDM,2403805426
IRDMB,374265000
IRIX,64776077
IRMD,285166935
IROQ,75414675
IRTC,2305744642
IRWD,2200409347
ISBC,3644256741
ISCA,1910523648
ISDS,2334023
ISDX,2343023
ISEM,2651027
ISHG,75475695
ISIG,16102093
ISNS,24522455
ISRG,63181679900
ISRL,327150466
ISSC,52582275
ISTB,2326970000
ISTR,237579686
ITCI,737710942
ITI,154423191
ITIC,326575653
ITRI,2422922112
ITRM,79434363
ITRN,755711443
IUS,2430024
IUSB,2872512000
IUSG,5689785500
IUSS,2332023
IUSV,5141718000
IVAC,142590581
IVENC,0
IVFVC,0
IXUS,13562445000
IZEA,19677833
JACK,2096286689
JAGX,15250345
JAKK,59798322
JASN,69035345
JASNW,0
JAZZ,7601123556
JBHT,11861457210
JBLU,5248418932
JBSS,801172434
JCOM,4264427523
JCS,24269985
JCTCF,30503283
JD,37544018850
JG,976577834
JJSF,2931406625
JKHY,10230531554
JKI,467014500
JMU,71298350
JNCE,141920148
JOBS,4424708237
JOUT,677832335
JRJC,26690151
JRSH,73441493
JRVR,1222097537
JSM,0
JSMD,15533760
JSML,8688020
JSYN,20155948
JSYNR,0
JSYNW,0
JVA,36702010
JYNT,150114729
KALA,303147034
KALU,1785655233
KALV,355020997
KANG,1425666391
KBAL,560220725
KBLM,152643150
KBLMR,0
KBLMW,0
KBSF,8869418
KBWB,677882500
KBWD,305760000
KBWP,63130000
KBWR,99900000
KBWY,357120960
KCAP,137362793
KCAPL,0
KE,420225498
KELYA,974394035
KEQU,86212970
KEYW,365458730
KFFB,66854871
KFRC,1006378569
KGJI,54874207
KHC,42619246679
KIDS,557036764
KIN,412396208
KINS,182637341
KIRK,160617520
KLAC,17329662986
KLIC,1558935474
