MSFT,851385526103
AAPL,815601981600
AMZN,801426987208
GOOGL,776217322318
GOOG,771914118527
FB,462032408722
BABA,458609238925
JNJ,366358190565
JPM,343959000000
XOM,332265540000
V,330342389137
WMT,289218638873
BAC,281182847640
BRK.B,275161515650
UNH,256302332742
PG,250783365827
PFE,248329187871
MA,247635997212
BA,239581935471
INTC,236047530000
VZ,235196051660
CVX,228127351915
T,226834300000
CSCO,225292642290
WFC,224575326000
BRK.A,221411904000
CHL,220029539190
HD,217309844592
MRK,210032409905
NVS,209808142325
TSM,204279533640
RDS.B,195895531584
KO,192734949301
RDS.A,191824577568
ORCL,188346469120
TM,175392880196
CMCSA,174747412974
DIS,171812021936
FMX,165224598017
PEP,164011149970
HSBC,163134559281
NFLX,158494022683
C,151915590000
TOT,148288877047
BUD,146815760000
ASB-D,145670642273
UN,145035816000
UL,143650290000
BP,143368949221
MCD,141207630493
IQ,140319001495
BHP,137318348366
PM,135482025580
ABT,133709633726
NKE,133395079914
SAP,133071120000
FRC-D,129589960618
LLY,128391901688
BBL,126859586929
IBM,126549533447
ADBE,126272239393
MDT,125707365195
TJX,124619151570
DWDP,123944270328
PTR,123612368406
CRM,123402150000
UNP,122932601559
MMM,120543730000
ABBV,120367390487
AMGN,119478608250
NVO,119065806849
AVGO,112610404127
PYPL,112604635045
HON,111695958348
RY,111099694230
UTX,110105643793
PBR,108464991973
TD,106323469785
SNP,104617632215
AZN,103750266562
ACN,103159611931
SNY,102166143971
TMO,101489505902
TXN,101424077942
GSK,100663803809
RIO,100176281002
NVDA,97105900000
LIN,96838580146
BSBR,96593965778
MO,96513966143
DEO,95358925207
COST,95273685487
FOXA,95019080110
UPS,94688880000
ITUB,94488684304
FOX,94387724096
AXP,91781888114
HDB,90900283649
NEE,89915841199
SBUX,88668680000
BKNG,88513600645
GE,88459829550
LMT,86783431067
BTI,86658651077
LOW,85330241134
GILD,84278680000
BMY,83232538141
USB,82873244425
ANTM,81935229275
CVS,80113683006
CAT,79816266906
BBD,79764715588
COP,79650279530
DHR,79606220000
CHTR,78891861105
ASML,78700166651
AMT,77803370888
LFC,76145115270
ABEV,76092483011
SAN,75987166049
EQNR,75495218163
ENB,74842139437
CI,73783312175
GS,72906853040
MUFG,72871490576
BBDO,71163297226
VMW,71066915450
MS,71043000000
SYK,70310636874
BNS,70224895495
BLK,69228918598
MDLZ,68915766106
QQQ,67461678000
BDX,67174363201
ADP,66729750706
WBA,66446812756
WBK,65353371259
INTU,65127780152
QCOM,64291438412
VALE,64179159900
DUK,64094821240
BIIB,63995268699
CME,63705740747
PBR.A,63655926749
ISRG,63181679900
E,63162141035
CELG,62489324554
SCHW,62350405822
CNI,62258255250
TMUS,62236211165
TAK,62002971284
CB,61767446375
SLB,61348297413
EPD,61267309709
SNE,60805314070
D,60645439683
CSX,59793862131
BIDU,58268868815
CL,58023702581
EL,57417615999
SPG,56744877649
PNC,56736550000
GM,56365062251
BSX,56071607646
EOG,55399645257
LYG,54980512934
SU,54190950433
RTN,53104913970
DE,53090590485
PUK,52173815840
SO,51825123013
BK,51113871720
SMFG,50730011873
TSLA,50611366120
SPGI,50146992000
GD,49811978628
AMX,49787669960
OXY,49778860092
CCI,49728122483
AMOV,49653956390
HMC,49586957764
HCA,49572878420
VOD,49299130675
NSC,49024561256
NOC,49004915646
ING,48958575455
BCH,48700383442
LVS,48274779006
ECL,48244688415
ITW,48054809942
BMO,47961800363
MU,47722962659
VRTX,47472460582
EXC,47265416774
FDX,47115763876
MMC,46618184285
INFY,46218629668
REGN,46171797896
AGN,46106989638
UBS,45995047887
TEF,45742680154
RELX,45605341450
CHA,45564716000
ZTS,45455457946
PLD,45086938600
PSX,44396160000
ILMN,44255820000
MPC,44213600000
BAM,44147948070
MAR,43951227852
KMI,43733842015
ABB,43339567310
AABA,43218280579
MET,42887764000
WDAY,42834000000
ICE,42739685354
KHC,42619246679
WM,42519589003
CCL,42267793898
PGR,42147864000
NOW,42135500000
EMR,42132191334
HUM,41982286985
CTSH,41763260000
CUK,41547564534
AON,41439638255
TRP,41191174150
SHW,41184344322
KMB,41021807133
ORAN,40858542463
EC,40705527733
RBS,40483546481
BX,40482001361
DELL,40361656109
AEP,40296853342
ET,40224840526
BAX,39740289731
BBVA,39674600000
BCE,39656467216
APD,39559966521
MFG,39558969656
BBT,39320621386
PRU,39239130000
KDP,39185567279
ADI,39112544042
CM,38507276599
NGG,38336411202
COF,37977240000
AIG,37924879909
TGT,37702477817
AMAT,37610559232
JD,37544018850
BND,37373169210
HPQ,36879959596
AFL,36820192500
CHU,36778796000
VLO,36201979207
EW,35841769416
PHG,35754676430
F,35457121582
ADSK,35372117102
DAL,35323075476
PSA,35071673519
FIS,35070718620
ETN,35014386000
ROST,34972466943
BCS,34954293651
NOK,34894274189
SYY,34571440965
TRV,34536872000
EQIX,34450544441
EBAY,34298868108
VFC,34219870906
CNQ,33751195929
LYB,33516640000
MFC,33467630057
FISV,33259625310
MCO,33089320000
WMB,32817794460
ROP,32807232580
PDD,32727033413
NTR,32718361924
JCI,32543458113
SRE,32423263103
RHT,32317116364
MNST,32315185830
STZ,32100555071
AMTD,31940719215
IBN,31923171070
CAJ,31669123286
ATVI,31666604797
SQ,31458897712
ALL,31388615689
ERIC,31320958130
DG,31120247104
XLNX,31075868111
RACE,30894863381
ORLY,30352074457
CS,30296604872
BT,29927176080
LUV,29635176083
STI,29313972398
CP,29247352497
NTES,29240334610
YUM,29189340000
TME,29127374580
ALXN,28990682797
BHGE,28983197792
FCAU,28981882491
PEG,28962268383
EA,28737207074
SIRI,28703703852
APH,28427202199
XEL,28410071328
WELL,28338614668
TEL,28243517074
IQV,28213664644
SCCO,27976479333
NXPI,27927871243
OKE,27919103444
GIS,27796564554
WP,27712076601
STT,27508142818
HAL,27437769208
EQR,27420945101
GLW,27418623394
LRCX,27347798826
SPOT,27343630886
PAYX,27251429347
FTV,27218265000
TLK,27182672235
AVB,27154661741
CHT,27011430454
PPG,26732765344
MPLX,26728756665
TRI,26714542071
CNC,26395675680
S,26264359960
IR,25749790534
WIT,25670396555
ED,25572213589
CRH,25403778863
ZBH,25382812141
RCL,25276415894
MCK,25223105015
HLT,25217346675
TEAM,25207902303
RSG,24967012973
A,24907408294
AMD,24489080766
DLR,24459375979
CMI,24456754575
FMS,24427544600
UAL,24366492365
PXD,24227776710
PCAR,24223874000
WEC,24181697435
TWTR,24139246030
MTB,23892958980
ADM,23821779494
FDC,23673432732
DFS,23653260000
MT,23589708343
BF.A,23543134873
TROW,23345705000
TSN,23128731388
HSY,23125014393
TDG,23110238048
DLTR,23109262913
GOL,23103583515
AZO,22978504258
HRL,22939500843
VTR,22914584142
SYF,22912156000
MSI,22885981247
GOLD,22839769788
HPE,22826431896
PPL,22787125532
KR,22751631358
PH,22738548448
SLF,22627855517
DTE,22507598308
RCI,22491770157
CCEP,22367767517
ES,22277072302
WLTW,22057184568
APC,22032032608
WCN,21962092013
PANW,21832088187
VIV,21632167271
TU,21594663790
FE,21587796566
VRSN,21461415230
ROK,21425865026
APTV,21416446609
CTAS,21368772138
CXO,21234530678
INFO,21103783758
MCHP,21099715575
SWK,20985268258
BXP,20955381710
VCSH,20770422475
ANET,20740244681
SBAC,20686830698
HBANO,20650180876
SHV,20588013000
VRSK,20582456229
O,20581415504
CLX,20452457239
ALGN,20315232930
NTRS,20289271680
GPN,20176483961
EIX,20008066160
SPLK,19885684786
LULU,19762620294
LBTYA,19652075043
FLT,19609651930
WY,19546628704
HRS,19545604072
CHKP,19523098299
K,19515120000
PKX,19512965522
KKR,19507023820
NEM,19431554813
BAP,19350816210
CBS,19347321111
KEP,19284600873
TAL,19256691708
FCX,19156225038
SHY,19147536000
LBTYB,19049019422
VCIT,18978796985
LBTYK,18973637469
IP,18931030688
TEVA,18791537039
BLL,18743706099
CERN,18725355219
NUE,18699113290
EXPE,18690224802
IX,18652542669
SHG,18510225860
PBA,18492845171
ESS,18480177150
SSL,18478339441
AME,18430008177
ULTA,18429469694
AMP,18385507000
IAC,18358904000
AWK,18236866218
ABC,18084071133
INCY,18056771358
IDXX,18038354698
SHOP,17998473149
FITB,17995740730
KEY,17994227950
MKC,17937804948
FAST,17916469607
DXC,17885640037
DB,17861385000
WAT,17831299945
MGA,17820699745
MKC.V,17747511452
CTRP,17733003557
EMB,17642494000
AEE,17633270267
HIG,17561288000
GWW,17449725393
ETR,17438573968
CFG,17349477244
CBRE,17340580963
KLAC,17329662986
VEEV,17245836222
PAA,17205388489
DVY,17183936000
TSS,17111185190
FRC,17082830512
FANG,17069786269
SUZ,16966461368
AAL,16960013122
HES,16933829254
OMC,16917735053
MELI,16908581438
CLR,16838012108
MTD,16831750733
LLL,16829471281
SNN,16703749091
RYAAY,16685845901
BEN,16676276898
RF,16646000000
NTAP,16629511211
CMG,16601647039
SKM,16543009935
GIB,16495479588
CAH,16361114250
LBRDK,16336918168
CHD,16320304284
LEN,16290943118
LBRDA,16286137339
BBY,16264498830
GPC,16262395041
MYL,16118640409
TS,16084814309
KB,16023689777
QSR,15962709108
CDNS,15960772940
MTCH,15949536000
ABMD,15897255196
DISCB,15866611330
YUMC,15739189516
GRMN,15738559993
CNP,15737409552
BMRN,15646317254
MBB,15513850000
KEYS,15481566082
ATUS,15446168878
ZTO,15436283275
ARE,15412229856
BPR,15378238006
CMS,15360285691
DISH,15355958295
SNPS,15295385728
DISCA,15291441631
BSAC,15287692004
MXIM,15282967206
CGC,15278437145
FTS,15266046190
DHI,15250600221
WB,15248671193
AGR,15224689751
STM,15067364437
SSNC,15018361124
LH,15009884000
HBAN,15000174721
CSGP,14998396682
HST,14945137703
HCP,14921391969
VMC,14879147907
L,14872248000
MGM,14868362847
AJG,14835236000
MSCI,14792860000
FTNT,14786430092
PFG,14777165000
CNHI,14702449731
ANSS,14663111959
EVRG,14619122556
NDAQ,14598733595
CTL,14524060589
RMD,14507692911
SYMC,14491052178
COO,14436147750
DISCK,14401491245
WDC,14394212922
CDW,14361041632
FNV,14353035535
TWLO,14350926908
SWKS,14346410266
WYNN,14326299747
EBR.B,14310865847
NLY,14198690385
CTXS,14175592375
PFF,14154776000
MRO,14040249546
CINF,14020336000
CMA,14007945283
VIA,13970420619
WPP,13945675201
MKL,13915776000
DVN,13882130000
WCG,13811540795
DRI,13803374446
HOLX,13680141458
IFF,13671783094
CPRT,13640762329
EBR,13566917245
IXUS,13562445000
W,13546978735
DOV,13510895790
XYL,13441560000
MMP,13413311505
TXT,13377459750
TECK,13369476873
LSXMK,13356553983
EFX,13354895529
CE,13289106138
STX,13244601020
IEF,13210980000
GDDY,13187261600
GRFS,13182464071
VNO,13125990526
TFX,13124216690
NMR,13098541342
EXPD,13082327761
IEP,13067371611
ACGL,12999291138
VST,12989116083
IT,12934104921
LNC,12932579000
SIVB,12926812938
MRVL,12917910000
ROL,12906157730
KOF,12856896000
SNAP,12827257599
TI,12787766053
EDU,12762167945
APA,12703325698
CHRW,12642153892
UHS,12585382951
HEI,12497422506
BNDX,12453844528
MOS,12450683745
ODFL,12414577020
UDR,12366499992
NRG,12240845613
ENIA,12224914833
NCLH,12175677965
DXCM,12159237057
VAR,12075223981
ETFC,12051149057
WPC,12039495205
INVH,11999371328
ULTI,11983336335
EXR,11963291874
DGX,11947130819
APO,11930531790
FMC,11918571880
LYV,11914732168
MAA,11896802500
MLM,11875000000
JBHT,11861457210
BAK,11852453164
CHDN,11834730978
GS-K,11833977081
EMN,11822265876
RJF,11785134027
TRU,11772109000
AAP,11770148807
CNA,11735799273
TSCO,11723415906
SQM,11678029770
BR,11665249654
ATO,11628082504
MLCO,11618168504
AES,11610074807
SJM,11537349849
SGEN,11436776698
CIB,11428909328
AKAM,11377820576
CAG,11354309633
BIP,11329661307
EXAS,11311755577
TIF,11299866732
KSU,11239842149
REG,11162913141
MAS,11134761425
NBL,11112144840
DATA,11103656775
ZBRA,11102563940
IEX,11088389592
BURL,11067702608
IHG,11046093508
PTC,11030005406
TLT,10977771000
VXUS,10940526946
YNDX,10928964038
CVE,10923130261
NOV,10918279287
URI,10891243661
HAS,10879643108
ALLY,10851851422
DPZ,10844141984
LNT,10783107788
DRE,10781827918
ELAN,10673148097
KSS,10629377611
AEG,10565150761
PAYC,10555004086
COG,10460423695
ATHM,10458335624
PNW,10448073270
MHK,10424951773
PKI,10409765646
TI.A,10397441666
JEC,10387029706
STE,10352657026
SPR,10334951130
LW,10327689032
ECA,10305936829
KMX,10297075092
HTHT,10287761028
TPR,10282620270
WUBA,10280830360
AEM,10232390144
JKHY,10230531554
FFIV,10228664583
EQH,10228186400
FTI,10222438220
IRM,10183693155
IGSB,10182810000
OTEX,10176097256
CF,10170979686
VIAB,10142360669
UBNT,10117803678
SJR,10097396439
MFGP,10086740937
TAP,10080589175
WRK,10079718199
WRB,10070769800
QRTEB,10053213607
TRMB,10045871560
CEA,10031823890
ACWI,10024960000
RL,9994422538
FRT,9983342273
WPM,9948691123
ZNH,9924142350
NI,9922323744
LII,9912671916
GS-N,9909120573
CPB,9882782858
ELS,9863436464
HNP,9858402605
TTWO,9853009942
SUI,9824328844
QRTEA,9797095948
WLK,9761028598
DVA,9744200000
PCG,9735516161
LEA,9728649505
UAA,9720583487
FNF,9668645362
LDOS,9658026334
GG,9655614565
HFC,9620097695
ON,9614020987
TRGP,9602390677
ZION,9597138180
NVR,9588587080
JNPR,9553060000
BSMX,9542514063
DBX,9532977482
NTNX,9508587767
AGNC,9497873000
ADS,9481661239
ALB,9471440824
UGI,9450165276
GPS,9444308266
SCZ,9406488000
SRPT,9353970888
Y,9353122724
HII,9325806336
CPT,9321831420
PSO,9298772122
OKTA,9295618982
MGP,9289224244
PKG,9288139420
AVY,9272793921
NLSN,9265064652
XRAY,9264657629
ERIE,9256352433
WHR,9254475179
TMK,9251161025
HSIC,9137114539
IPG,9128348125
RE,9102165410
RGA,9052125540
AOS,9037991361
Z,8999761263
SNA,8983695320
MKTX,8983503383
STLD,8966309948
VEDL,8949150901
ATH,8935168362
CGNX,8924669222
DOCU,8921883403
PVH,8907976812
AFG,8903305320
ZG,8883910678
AGNCB,8875462161
MOH,8842392970
ARNC,8834188707
QGEN,8832487680
UA,8814883365
FDS,8806732724
LKQ,8696478534
VICI,8689542172
BWA,8680806803
ANDX,8648402976
LN,8616776996
CPL,8591200456
EPAM,8566426493
PAGS,8561352949
TTD,8550264388
OGE,8546545759
BPY,8540380480
ALLE,8526501941
NNN,8515673496
RNG,8510470604
TDY,8498433654
COTY,8466665026
ZEN,8439156117
MTN,8415213093
TTM,8414918939
NIO,8382502076
ST,8377030147
WES,8357733907
QRVO,8325064707
BHC,8306734759
ALNY,8300918407
CACC,8292247922
RHI,8291885684
IPGP,8281655583
ANGI,8256336000
BRO,8250494330
HLF,8248392599
AVAL,8221695325
BIO,8217434069
BGNE,8213679610
IBB,8131649500
ASX,8122542936
SEIC,8088830100
IONS,8083701928
H,8059233225
TYL,8057766990
EWBC,8022141740
UNM,7996390310
NWL,7963608000
GLPI,7951334392
ARMK,7948004158
TSU,7945828583
DOX,7932080496
NDSN,7919590062
ICLR,7903552677
HDS,7879686205
GGG,7869141360
WU,7866596000
VER,7846470213
ENIC,7812936267
BKI,7812106810
SCI,7757389347
RPM,7756504605
PHM,7754433356
SLG,7727380560
NWS,7727265180
WST,7725028092
LAMR,7720629960
UGP,7705382098
ALK,7693913448
USFD,7690499225
JLL,7618272665
JAZZ,7601123556
NWSA,7592725362
WEX,7581892633
BAH,7579821058
TRIP,7576298576
IEI,7573472000
IVZ,7561628762
VOYA,7542450000
KRC,7540912052
CX,7508295770
PNR,7473524341
KIM,7471224825
GWRE,7454948784
LB,7444882311
ARCC,7434640608
FWONK,7433758599
TLRY,7432971555
PRAH,7415613185
M,7397661794
TER,7392266288
UHAL,7391743920
VMBS,7374479646
JWN,7368942971
CCK,7365160298
TECH,7363237020
CSL,7332907638
OHI,7330977501
SBS,7327225796
SC,7323577762
KL,7321562287
LTM,7307212701
MBT,7305323282
BG,7304129487
FLIR,7277107220
STNE,7275940368
TTC,7268957051
COLM,7262807299
CDK,7255764232
SBNY,7255654256
GRUB,7253398075
GIL,7252451724
XRX,7230828270
FICO,7228554377
SAGE,7219218181
WGP,7218379167
LOXO,7216882414
AIV,7190047821
NICE,7183983091
BLUE,7182470053
ICL,7169686423
NBIX,7166706179
BFAM,7148329599
XEC,7103128006
WAB,7087672439
ALV,7078615493
CBSH,7070654039
MSG,7066493629
AZPN,7050944943
ROKU,7037842858
LPT,7034806768
HRC,6969021421
STOR,6961966830
ARW,6958127905
CRL,6958109081
FIVE,6957154488
ACB,6950228320
NKTR,6932063502
HBI,6914041235
EEFT,6908568751
GGB,6893649216
FBHS,6879346293
TV,6866541021
OLED,6865915248
MPW,6856784500
MOMO,6846736328
BERY,6831629000
MASI,6830096900
ETSY,6826470637
AER,6814585140
CIEN,6811568670
SEE,6778200000
OAK,6764722020
WWE,6753828239
CBD,6753293890
FL,6732771647
POST,6729337921
CC,6709945817
DLB,6695740784
HUBS,6685093255
ESTC,6682198805
PBCT,6678242013
DCI,6672094547
BOKF,6661995229
MIDD,6658597510
PRGO,6648819263
TEO,6641973823
DEI,6634430116
LPL,6633903078
CDAY,6633627673
CFR,6631806393
XPO,6622821286
CPRI,6607061210
PFPT,6606850200
SNV,6576018296
HUBB,6575202840
KT,6569879782
LPLA,6555268116
TGE,6554852287
ALSN,6542841973
MRNA,6539487989
ENBL,6519960383
EHC,6516404881
AMH,6494035339
AMRN,6483349495
WTR,6468114602
PK,6444859052
EXEL,6434117065
ATR,6410175639
ORI,6402411717
POOL,6390992974
AXTA,6372980000
CTLT,6346673110
KAR,6334240423
G,6313357568
RS,6283947144
SABR,6275272080
IDTI,6274119520
TIGO,6263760210
PSXP,6254942127
ADT,6250064347
INGR,6230843330
WBC,6211790454
LOGI,6209055011
CIG.C,6197315503
JEF,6187694107
ACC,6186971683
MAC,6179862117
NATI,6166061577
CG,6165215329
HEI.A,6127672112
RNR,6123448141
PE,6123304726
RDY,6116872101
AU,6112427998
NRZ,6104987256
AIZ,6102383968
STWD,6101798348
FLS,6092699918
ZS,6085610774
HXL,6075523919
CZR,6061083650
ZAYO,6059857689
USG,6048631890
HOG,6042723353
NEWR,6021903930
HP,6019481037
VVC,6013380704
VTIP,6011970749
TX,5999162609
WWD,5994693539
LEG,5987340000
RXN-A,5951930963
HTA,5951620111
SON,5950618423
TPL,5934428172
BRKR,5919831278
DNKN,5916292309
RGLD,5895214261
ACH,5884019539
YPF,5876093127
KNX,5864528712
NYCB,5843441693
IJT,5836946000
MPWR,5804482800
HUN,5792468766
GLIBA,5782354418
FAF,5769360152
FTCH,5762667716
SYNH,5749683633
AMG,5748191940
SWI,5735966826
JHX,5722895034
ESLT,5708404861
VNQI,5701651039
OSK,5694094129
MDB,5693233258
IUSG,5689785500
BPOP,5678752453
CY,5675376612
LECO,5675082442
CAE,5660932462
TKC,5658400000
LOPE,5649420092
COUP,5631806415
FSLR,5631708714
CUBE,5630183427
RP,5625305739
MLNX,5619142598
CONE,5595469856
OC,5588426080
AA,5574518412
VGSH,5569586363
OLLI,5564987616
ATHN,5558622675
EPR,5550849075
TDC,5542398000
FLEX,5532239983
ENLC,5531149778
IGIB,5523829500
ARRS,5505215595
TOL,5494840978
PVTL,5490041625
CABO,5481713952
PAC,5469189000
CIG,5453637642
SHI,5450872479
SMI,5423058717
CREE,5421337715
AQN,5406696849
FLR,5400261450
WPX,5396555251
PLNT,5395912376
WSO,5391415530
PII,5383561658
DNB,5382173673
MORN,5379857392
KMPR,5373535860
BEP,5365824132
SE,5356109746
CCU,5355944130
NYT,5352630907
GLPG,5347415034
SKX,5338711795
NSP,5338263822
PWR,5327200739
SERV,5326523550
CW,5317006934
GDI,5314915587
WH,5314382735
MDU,5300542661
EQM,5295264443
GNTX,5271171885
BRX,5267957262
HPP,5266776470
MAN,5253204070
WIX,5249624144
JBLU,5248418932
PRI,5247551251
FCNCA,5247302094
AGCO,5241125248
BWXT,5235446939
WBS,5234094780
NFG,5218124890
AYI,5211142514
SNX,5204109177
CHE,5200492332
ARES,5199960343
PB,5194660969
ALKS,5194446569
GRA,5186473965
CIT,5177196000
PODD,5175166574
BF.B,5157574476
UTHR,5156363157
HRB,5154637600
IUSV,5141718000
ITT,5136864000
ICUI,5121475683
MUR,5119003402
PEGA,5114755308
BPL,5097037003
CR,5084677674
PACW,5077884916
ARRY,5071283041
BHF,5063293035
ITCB,5055746689
PEN,5049174581
ETRN,5042154270
RIG,5033007400
HQY,5015422609
IDA,5010051082
FHN,5004781830
PPC,4999531633
HHC,4989783036
ASR,4986600000
NVCR,4955762690
JBGS,4953980511
GWR,4950286404
SLM,4949114117
CASY,4936618539
NEU,4929895976
EQT,4922244747
NVT,4919860728
WAL,4906365750
ENTG,4905157658
ASH,4887373457
EV,4869830479
BRFS,4868497374
VIRT,4867215686
AVT,4866243210
ACM,4862354110
TFSL,4862246869
MAT,4856271573
CCJ,4848460967
TDOC,4847868486
BMS,4846356509
HIW,4845528651
FGEN,4845448753
HUYA,4840180128
SIX,4822035271
NGVT,4820942272
THG,4820405276
PSTG,4817837736
LFUS,4815003673
LIVN,4809112104
ESRT,4804210206
GGAL,4803917755
GTES,4770891068
AM,4762303235
AXS,4756879260
PCTY,4729626717
BB,4723660161
MTG,4722880590
NUAN,4720814779
MSM,4719976916
JHG,4712714566
KEX,4697086360
GMED,4695577036
SINA,4689177405
IART,4674652881
YY,4661851566
ZNGA,4656153097
CARG,4650797486
VAC,4645794432
GH,4641869487
INXN,4639393290
GWPH,4630312433
MDSO,4629933560
DCP,4629149694
AAXJ,4621320000
MMS,4612593809
BC,4600689971
OMF,4587127704
WYND,4586126086
PNFP,4584900000
COMM,4578755290
PHI,4578221872
HPT,4574786984
CACI,4571739301
TSG,4570474857
HAE,4570253274
MKSI,4564525939
OGS,4560862623
ARGX,4560410090
SID,4554378005
CHH,4542845004
VSAT,4539118788
KGC,4538330620
LSI,4535716890
MEOH,4530718329
AYX,4520260174
SAIC,4519716205
CHGG,4519531356
JBL,4517681738
RDN,4506415030
POR,4502393047
GT,4493019613
TXRH,4482618965
CNK,4473171279
PEB,4461588000
UMC,4459695199
RHP,4454197903
WSM,4451022476
STL,4449969194
TREX,4449458595
FLO,4441453059
JOBS,4424708237
SMG,4419753315
LSTR,4415964987
VIPS,4402077242
VSM,4398270336
VNOM,4390924218
AGO,4390483711
MCHI,4386960000
TNET,4382347368
LANC,4355615928
ESNT,4355139375
COLD,4353052570
OLN,4352349000
EAF,4329010419
FFIN,4322866125
FR,4318468058
NJR,4317889196
IBKC,4316828880
LAZ,4309627197
CVI,4292656577
BVN,4292378052
OZK,4290563941
BKH,4269593198
TRQ,4266106674
JCOM,4264427523
ENLK,4255008071
CHK,4249619741
BXMT,4242598657
CRI,4241940968
LOGM,4241920000
NXST,4241160000
AL,4241006896
ALE,4233140086
DECK,4221371471
VEON,4215397044
USM,4215330352
HE,4204916442
WTFC,4195030088
TREE,4176460473
X,4174120000
PLAN,4172554404
SWX,4164146036
EME,4143754407
TSRO,4127851330
SHLX,4127089242
WEN,4118181780
FTSM,4118041432
SRCL,4114818314
ANAT,4114549115
AMED,4108527095
SAVE,4104062522
CBRL,4099543344
PBF,4091834301
SNDR,4081778562
PSB,4076622060
AMRX,4063498530
TWOU,4059216649
TRCO,4053672592
PFGC,4053451362
UMPQ,4052692000
HR,4052675274
CWK,4037920336
BCO,4035133270
RBA,4024451641
SF,4015378303
CUZ,4014499149
MSA,4008785823
FNB,3998798143
AAN,3989629206
EQC,3982202021
TECD,3981058210
PS,3980539718
SR,3976008106
TARO,3971001387
UBSI,3961965455
WMGI,3935067451
TQQQ,3934460000
SIGI,3918028000
CRON,3917542882
STZ.B,3907453889
EGP,3892869617
ASB,3890650400
FCFS,3878598627
COR,3870564379
ESGR,3868525380
MBFI,3860707106
TCF,3857698407
LITE,3851421000
THO,3848936763
APLE,3841111665
VET,3838177439
SMAR,3837685806
ERJ,3823510801
SATS,3817647647
RYN,3813441479
GPK,3808623130
NAV,3807905651
GBCI,3793333537
WRI,3783014102
ALLO,3774466588
ERI,3771150000
CYBR,3767399211
CPA,3767199866
PAGP,3764152565
BILI,3761938056
HWC,3746024820
ACWX,3740330000
BLKB,3737235190
LPX,3736994604
DKS,3732561341
BSM,3717012026
EVR,3712429689
PAG,3711839167
SLAB,3708206895
RAMP,3706166453
TDS,3699046489
FND,3692630580
SMTC,3691221089
FHB,3678022216
ACIW,3670755764
GDS,3666245372
BKU,3664265183
CMD,3653526622
VVV,3652585000
RBC,3651556993
DAR,3648819684
CLDR,3647072291
ISBC,3644256741
EXP,3642971168
VGIT,3631846854
ATI,3631022200
ESL,3623672456
AWI,3623284761
BMA,3621537612
GHC,3610762967
AMCX,3604327168
SAM,3587202662
MANH,3565569736
TRN,3563834237
NUS,3559598375
GDOT,3557356043
HZNP,3553669398
PNM,3552551630
FRC-G,3548783619
QTT,3546728100
IGT,3544930679
BJ,3540010262
VLY,3533056773
ROLL,3525584968
SHO,3524122054
ASGN,3523307593
AEO,3521586552
PRSP,3517495841
BOX,3511990777
MTZ,3509072651
FSK,3502444890
SBRA,3490819810
CIM,3490397747
MANU,3487959468
PGRE,3487624025
LHCG,3482510337
VRNT,3478978838
BYD,3478385349
HCM,3467535895
CDEV,3467070154
AUO,3464728240
MIC,3463286372
ELLI,3458685582
TWO,3456017535
LILA,3449832739
UMBF,3448442611
HOMB,3440008000
BOH,3439926545
NCR,3437552000
LILAK,3433551410
NHI,3429989718
NFX,3429363000
BDC-B,3427574637
UFS,3424908170
AGIO,3424396869
NEA,3423250030
RRR,3423114706
SRC,3422951694
FIZZ,3418939409
OMCL,3415384850
DOC,3414890760
THS,3414713220
GFI,3413755143
WWW,3411388649
AVLR,3407720658
RLJ,3407625685
CSOD,3405956220
REXR,3402889216
AZUL,3398133570
NWE,3393929761
CLF,3388394549
STAY,3385412127
R,3373749581
CHFC,3371422495
TKR,3359587928
CLH,3353048447
BTU,3352181000
AN,3347914824
UNVR,3341030275
I,3340398254
IRBT,3336253255
LAUR,3331487930
SNH,3328229100
QLYS,3323995571
FEYE,3323642814
COHR,3322768792
ENS,3319059165
CBU,3312291960
NOMD,3306911943
BXS,3302230166
MFA,3295175369
GNRC,3285455500
AAXN,3278115218
NEOG,3278033275
VSH,3277000000
TTEK,3269696094
GOOS,3269226848
MMSI,3268082679
BPMC,3264633855
TCO,3263939857
URBN,3260484752
CLGX,3260322408
MOG.A,3244206171
CNDT,3228529246
ESI,3226410082
EBS,3226350396
DNP,3224477142
MD,3217346136
CVBF,3216440955
ENR,3216331152
KMT,3207110985
YELP,3202038129
PAH,3200460403
SBGI,3198260090
OI,3197778059
ORBK,3196422000
SLGN,3193538658
CATY,3183047024
CBPO,3180394333
REZI,3179915190
TPX,3174024847
RLI,3173580240
HGV,3163179283
PCI,3155318015
NOAH,3154150112
CFX,3147666824
MRCY,3136754048
MGY,3135973992
AVX,3134611840
ONB,3133666070
APY,3129983390
ALRM,3124523927
FIVN,3114913668
B,3113816671
RH,3111149434
GSH,3111089450
CVLT,3109494786
AJRD,3097228647
KW,3094361930
MOR,3093697304
TCBI,3088347679
INGN,3084834545
CCMP,3081427602
STAG,3080591061
NAVI,3072680000
PRLB,3063818591
FSV,3059632826
VIAV,3041472216
PTEN,3039441401
VMI,3031422995
ASND,3025921259
RARE,3025672809
DK,3025535408
FULT,3025329280
HLI,3016176646
HEP,3009263337
NUVA,3001014065
EXPO,3000060870
DORM,2997959520
SFM,2996138069
DAN,2994519836
HELE,2992292744
PENN,2988037753
MCY,2983909992
OUT,2982908654
ENV,2975318368
HCSG,2972583440
AEL,2972243942
CLNY,2970824489
AR,2969263935
FUN,2966510525
HMSY,2960243617
ARD,2953750000
GHDX,2942965007
MIME,2941938513
NVG,2939042506
ORA,2939006160
TEN,2931922983
JJSF,2931406625
SJI,2930999485
QTWO,2927374296
WTM,2922647217
UBSH,2921394991
RXN,2921005666
GATX,2917760000
FII,2907470207
OFC,2897158000
SKYW,2894722233
AKO.B,2882707646
NGHC,2881891757
IUSB,2872512000
ACAD,2867959592
HI,2862605363
AB,2856418842
SHOO,2856268542
GEO,2854907546
BL,2850279914
MMYT,2849366798
CLB,2847363395
CZZ,2845578531
ATGE,2845087200
ENSG,2845062223
FNSR,2839997100
CBT,2837323548
IMMU,2835469093
SPB,2830843371
KWR,2827551886
ROG,2825171972
UNF,2822864566
CWEN,2820011988
NS,2813154058
BDN,2810517118
COLB,2807237938
BCPC,2800086459
CNO,2786625069
WTS,2779556517
ITGR,2779082198
JBT,2776437585
TNDM,2772083755
KFY,2770843488
SSD,2769978692
ICPT,2768244588
STRA,2764243259
APU,2752424613
FFBC,2750829437
TENB,2748148260
GTLS,2745645327
IGF,2745636000
NOVT,2742844408
SXT,2742382364
AVA,2741160240
STN,2733860966
CAR,2732639056
POL,2705912950
RPAI,2700939920
DGRW,2698750000
GEL,2697968588
NAD,2688833368
TRTN,2680593757
TGNA,2680510025
WHD,2679556042
VCLT,2675868719
LEXEB,2668544618
IBOC,2665390429
QDEL,2664695899
WNS,2657371097
CXP,2657004071
USIG,2655310000
SFIX,2654678140
ALTM,2651423129
GBT,2649752087
RRC,2647249588
CADE,2645474005
WLL,2645213342
FCN,2641026494
SAFM,2640570183
SGMS,2638393675
DSGX,2635831579
PDM,2634190530
IIVI,2632763452
CIGI,2630525098
SAIL,2627510164
AWR,2623595785
LEXEA,2622683486
CXW,2615736491
VNE,2615008050
WCC,2614229538
SSB,2610957394
LM,2608972074
TERP,2605905831
TEX,2600873000
ZUO,2600807322
EYE,2599665132
KBR,2589335214
PAM,2588108640
JW.A,2587997572
FUL,2586072050
GLOB,2584441000
RGEN,2582436703
PDCE,2582424807
MNRO,2582070504
SEND,2577409752
VC,2575860151
FELE,2575243090
MUSA,2574466343
SOGO,2573637702
BECN,2572597990
MDP,2568067967
FOLD,2560110339
AHL,2558531499
SFNC,2554422256
FIBK,2547720377
APHA,2546628189
BEL,2546095791
IBTX,2545826190
AUY,2544236104
CWT,2542797200
CSFL,2539652649
LGND,2537269810
TRNO,2533985614
CMPR,2533570598
ELP,2531312219
AIN,2531244714
BRC,2527752976
PSEC,2526634298
AMGP,2525358058
FBP,2515581300
KOS,2514980352
AKO.A,2508905995
EPC,2506182166
AMN,2503213311
PCH,2502221717
WAFD,2494208422
FMBI,2492366250
WDFC,2491975348
MEDP,2491642379
SITC,2489428679
ARNA,2483662342
TCP,2483160952
USNA,2483015143
THC,2476358928
GKOS,2473697311
MRTX,2471544276
SRG,2466793297
WERN,2465469055
ADC,2464798133
SWN,2464617796
SUN,2463857380
BFR,2448596349
TELL,2445998151
ACHC,2444694386
FTDR,2442501389
ABM,2441770133
AKCA,2440354047
ARLP,2440219485
GEF,2435932423
HALO,2430012298
ARI,2428103669
BDC,2427594724
VG,2426950587
SBGL,2424490890
ITRI,2422922112
FV,2417142059
APPF,2416032245
SHEN,2415984821
UPWK,2415115688
AVNS,2408416589
IRDM,2403805426
BBU,2395264030
ADSW,2393856855
MAIN,2391567721
NEP,2388738000
RMR,2386572681
TGS,2384866765
IPAR,2380118638
AKR,2378909032
ARGO,2376508882
MYGN,2374755016
INDB,2372794476
EXG,2368793926
LMBS,2367782102
EB,2362456530
CCOI,2361700484
CEQP,2358812030
ENDP,2357863428
TRMK,2356871341
CBSHP,2355158383
XT,2354917500
CRUS,2353276613
OMAB,2351334430
PINC,2346381534
IBA,2345000000
PRA,2343900804
FOCS,2342813924
FOXF,2342723599
NFE,2338823536
BRKS,2337425496
VONG,2334184730
AIT,2331009801
ISTB,2326970000
ALTR,2326463505
IDCC,2324285318
WSBC,2323150602
QFIN,2318480810
RES,2317670873
MGEE,2316193800
BBBY,2313661384
IRTC,2305744642
OSB,2302725930
UCBI,2299372915
DRH,2291287701
HLNE,2288478872
QTS,2284764656
CLNC,2282779309
NTB,2281620002
BSTI,2280608000
DSW,2275492997
ALGT,2274978896
P,2274282910
LXP,2265870901
APPN,2265413006
RNST,2265215094
UE,2263251019
JAG,2257649472
WOR,2257516505
SITE,2256548123
SEAS,2253342660
QTEC,2253329161
CRS,2244400027
ACIA,2242577492
WBT,2240696408
SANM,2239700906
EE,2238057305
BANR,2237976127
AMKR,2237237837
PRFZ,2219445000
XHR,2216291593
BEAT,2212304738
PQG,2210127139
GLNG,2206314000
NNI,2204930923
CVA,2203029524
IRWD,2200409347
AAON,2197347571
TSE,2197291627
INSM,2196300624
MLHR,2193875628
PAAS,2192777007
EXLS,2192428480
RPD,2190658974
GVA,2189631108
NTCT,2186294869
JELD,2182947193
AIMC,2182606374
DLX,2180494000
DM,2176385349
MTDR,2175441424
CALM,2170264203
SBH,2168709234
WK,2167027859
TMHC,2164698266
WRE,2160632814
CAKE,2154786191
GNW,2153255259
SWCH,2153200959
RLGY,2149242324
POWI,2148385289
MIK,2141492233
LADR,2141014926
EVTC,2134960589
CNMD,2131309477
LTXB,2131018158
GWB,2127219932
PDCO,2126969600
COKE,2121966841
EPAY,2118661727
FN,2117957117
HRTX,2117436501
SCL,2116060916
MANT,2115352124
SEM,2115237034
BZUN,2110768551
ERF,2109916609
EVOP,2109524014
LCII,2109453913
LAD,2100684565
MTX,2097700151
JACK,2096286689
DIOD,2087680859
AXE,2085249369
NAVG,2079091791
PEGI,2076543756
EVBG,2075606120
KBH,2074904333
CNX,2074586736
AAT,2072344206
BGCP,2067052000
EGBN,2060867986
YETI,2060278053
PTLA,2060119146
ZGNX,2054754210
TOWN,2050769489
CCO,2049968591
SCS,2049463202
MC,2048972835
NZF,2046613046
DNLI,2039678336
SKT,2037782638
DLPH,2035315149
NSIT,2032985091
IVR,2032745136
FIX,2022436310
SKYY,2020947613
BLMN,2016316431
FRME,2012978342
PLT,2011013721
BLD,2008696219
NS-B,2008535512
APAM,2007999491
KYN,2003697093
UFPI,2002592759
NUV,2002554346
WING,2002384812
NXTM,2000540760
AEIS,1999121517
CMC,1998690229
UTF,1997336378
DSL,1995578369
AX,1992596977
TVPT,1990105410
BHVN,1988730720
LXFT,1985525815
OTTR,1980864307
IOSP,1980079703
ALX,1976010501
WTW,1975035625
XLRN,1974175303
AVAV,1973133638
ADNT,1972597240
SEDG,1970233135
ABCB,1968397555
DY,1966999983
TSEM,1964164705
PLAY,1960401293
SHAK,1960117998
GSKY,1959551990
LBRT,1959248284
AY,1959247433
SUM,1958725757
OAS,1958369635
LTHM,1954940000
CUB,1953431049
MLI,1952704642
ROIC,1951557369
CBS.A,1951111708
INOV,1950915200
MDGL,1948946852
ONCE,1946241353
SSW,1938967470
PSMT,1938111181
ENTA,1937159430
FWRD,1934640068
CLI,1931949634
ESV,1930427345
IPHI,1930321559
AGI,1928863723
NWBI,1925485579
PTCT,1921526802
EGHT,1920746336
SUPN,1920445228
BID,1920150534
NAC,1918799532
PDBC,1918021120
SFBS,1917770756
BNFT,1917632820
GRPN,1916256794
CTRE,1915906403
NWN,1912113970
PPBI,1911911103
ISCA,1910523648
SPSC,1910285906
TPH,1909777064
CNS,1908941381
CFFN,1907269727
CSQ,1903437345
GCP,1898698142
SM,1894091064
QD,1893121424
PFSI,1890516197
FBC,1889562462
CROX,1888464468
FCPT,1887665416
PUMP,1886156398
QEP,1884696555
COT,1884060597
LX,1881102112
AXL,1877703913
PLXS,1877408981
HOPE,1873004298
INT,1872384548
MTOR,1868670758
BANF,1867615404
YEXT,1867002746
HTH,1865647300
CEO,1864079557
VONV,1863448000
HSC,1859251483
TRVG,1855970415
MDRX,1851970594
CLBK,1850750125
CRTO,1850416559
KRO,1847568706
MTH,1842440253
CMP,1839836145
LTC,1837296625
PFS,1837215187
HAIN,1836648435
ODP,1833112720
MDC,1831280021
JPS,1830284455
CHSP,1828723991
HNI,1828594579
KTOS,1823969196
GOLF,1821155110
AERI,1819962745
FTCS,1818440108
MSGN,1817972333
GTN,1816556818
FG,1814585163
ESE,1814341130
NMRK,1811110087
LGF.B,1805178401
ANAB,1802788841
EBIX,1801135616
CENT,1799312262
WD,1798722619
MDCO,1797805364
HBM,1797552399
MNK,1790401528
CISN,1790035808
KALU,1785655233
NEO,1784437384
AVYA,1783304876
HF,1779811898
XNCR,1778691921
ARCO,1777662074
GIII,1772359129
SAIA,1770806427
KAMN,1770623078
OR,1770094738
RUN,1769505379
DIN,1768940784
PDI,1764817103
RDFN,1764558879
GDV,1764053916
BMI,1763955579
ALEX,1763223628
MGLN,1762858778
ATRA,1761110102
GTT,1759192393
VGR,1754387293
BAC-E,1753658100
MB,1752867877
MYOK,1748151565
FFG,1742429269
SF-A,1741168370
DDS,1739965755
SSRM,1737465321
LPSN,1736955557
EURN,1736529623
ARWR,1733416031
WRD,1730867521
OPK,1729784136
CARS,1725173446
MWA,1719758614
WABC,1718840123
BPMP,1715822527
PRGS,1713585002
NBTB,1711761296
GES,1711540892
ARCH,1708113484
HTLD,1704144000
BGS,1703047039
VRRM,1702577964
SMPL,1698366951
SJW,1694894485
SVMK,1689815831
MOGU,1688957242
HTLF,1683881051
FANH,1683097353
LZB,1681321573
IAG,1680589645
ETY,1680349798
DNOW,1677269358
FSCT,1674626935
OEC,1671714077
SCWX,1669177866
RGNX,1666576694
FIT,1665159569
EAT,1663500000
NGL,1662051888
UNIT,1651996338
CPG,1650454683
CRSP,1650371427
RUSHA,1650034196
TTEC,1649554780
MXL,1643639590
CTB,1641840255
NMIH,1640065136
CWST,1635788207
TAC,1634998631
CPE,1634033181
PCRX,1632645557
MRC,1629470523
BLDR,1627947679
CNNE,1624072115
OSIS,1618656015
CEPU,1613947719
BDJ,1612864683
HMN,1611755276
FTSL,1610927595
STAA,1609034818
ELY,1606534595
SSP,1606189575
CENTA,1605308526
NSA,1601527586
SPXC,1601167125
LSCC,1598339031
VRNS,1597944282
MINI,1595202771
RUSHB,1593805063
VTWO,1587250000
ALLK,1586820063
EVT,1585637543
DDD,1580258715
HTZ,1575408802
ONEQ,1568490830
USMC,1565080528
KLIC,1558935474
OII,1556817750
HA,1553739949
GAB,1552982181
SIMO,1552188127
QURE,1550793338
HCC,1548929078
CVRR,1548324000
SFLY,1547947810
RDC,1546427345
MED,1544557461
MMI,1543735318
BTT,1543366949
TWNK,1542570041
HUBG,1541217104
INST,1540806484
MSTR,1539455670
PRO,1534538918
BE,1534084986
SCHL,1531906491
PBH,1528570312
AQUA,1528094142
DOOR,1525462496
AYR,1523560147
ATU,1522619615
INVA,1520647590
VRTU,1518474510
USAC,1516779449
MYOV,1516096503
BUSE,1515250514
STMP,1514234642
VICR,1512663235
SBCF,1512067840
ACA,1511734468
CPK,1508463995
SSYS,1508294300
BATRK,1508039673
SLQD,1507709000
AAWW,1507268258
ATSG,1507140672
TUP,1505036127
UVV,1499376380
SG,1496626638
WMS,1496601446
FI,1496013646
RWT,1493957332
SFL,1493357031
THRM,1492531185
HASI,1492511058
PLCE,1492300322
HOME,1491997147
BSIG,1491908643
TROX,1491042869
FOE,1490391465
VBTX,1489524537
FLOW,1489193895
CANG,1488383718
BH.A,1487170571
MNTA,1486901470
MATX,1485265710
SSTK,1484865644
PVG,1484556013
STFC,1482957509
ATRI,1479962965
AMWD,1478290032
PBI,1474702121
GZT,1471521726
TR,1470587076
KN,1470468298
AIMT,1469886582
RAVN,1465217228
CVGW,1464208116
REV,1462522845
VHI,1455105576
IBP,1452898040
NPO,1451752610
PRAA,1451064763
SNBR,1448881920
PKW,1445164500
NVTA,1441322330
ZLAB,1441256117
CATM,1440853500
STBA,1436606061
AMC,1435741899
AHL-D,1430485222
CORE,1428697818
PTY,1428144568
KANG,1425666391
SYNA,1424976982
CSIQ,1424708525
ADX,1424262486
PDP,1424147760
USPH,1422849754
WDR,1421484550
TY,1421303684
AVP,1419976091
SAFT,1418597408
TRS,1417964129
GNL,1417647231
UVE,1414674927
ILPT,1412713793
BHLB,1412468700
BV,1409635900
EHTH,1408620922
FCF,1407831766
UXIN,1407585073
LGIH,1407551268
TIVO,1405332180
WAGE,1405115201
CSGS,1404904460
ICFI,1404126532
LEN.B,1403426666
TBPH,1403013204
EIG,1402841715
KNSL,1402729456
ONE,1401199625
BEDU,1400337539
BKD,1398685194
MDR,1397721042
GPOR,1395081543
TLND,1394280477
WMK,1393339347
NBLX,1392217246
FSS,1391599902
SPH,1391131425
SIG,1390729419
FRPT,1389124639
NEXA,1386696581
LOMA,1385165563
WSFS,1383593400
GTY,1382591613
FEX,1380632119
ABG,1379364381
TCMD,1376020324
TSLX,1371077819
OXM,1369559549
BXMX,1367002265
DO,1364726591
BITA,1362419563
PSDO,1361551587
ECOL,1361177677
GBX,1360002912
IMAX,1359350370
ANF,1358383856
RQI,1354692999
ROCK,1354417532
CBM,1354148461
GLOG,1352050944
TRTX,1351808013
FDP,1348238312
HTGC,1345539213
SCOR,1345429371
KRG,1342783997
HUD,1338635328
DRQ,1337353269
PBY,1335961576
AIR,1335906000
CLVS,1334663460
LC,1334034161
FTAI,1332206591
PPDF,1331721052
MATW,1330624395
SYKE,1330501509
SEMG,1330144943
PZZA,1327506630
ORTX,1326138745
HOLI,1325112494
BIO.B,1323083197
AROC,1321822822
XON,1321507809
LRN,1321380518
COOP,1321337851
TIER,1318858827
CHCO,1317115800
CORT,1316378497
MGPI,1314800292
BFS,1313286000
TYG,1308660193
CWH,1308032037
OCFC,1306803334
AMBA,1305758188
CVCO,1305608920
MCS,1305596846
ARCE,1301257989
ROAN,1301162208
MSC,1298238621
NVRO,1297015022
BCOR,1296156749
MGRC,1293896309
BRKL,1292133210
FPF,1291885096
BTZ,1287080521
MNR,1286627253
TXMD,1284558421
DAVA,1283401988
TTMI,1282488065
GLUU,1282060543
ATRC,1279085311
DOOO,1276567082
BBN,1276499733
AG,1275686544
NTRI,1273355053
HYT,1269160271
CAL,1266602679
KRNY,1263390408
LORL,1261746913
SPPI,1261578026
LTRPB,1257255921
HURN,1255346623
CSTM,1255341919
PLUS,1253593823
BIG,1252719614
INN,1249796773
CAAP,1248173644
ESPR,1247784033
SWM,1246389440
TALO,1246124222
DESP,1245598903
BML-L,1244400000
HL,1243716389
SASR,1243575690
OFIX,1239503377
AZZ,1239402444
CRVL,1239252522
SNHY,1238423662
LGF.A,1237059345
BHE,1236565971
RVT,1235482534
HY,1234933040
PAHC,1233719236
VREX,1231636005
PMT,1228845442
SRCE,1228594639
WIRE,1225605988
CSII,1224726598
JRVR,1222097537
INSP,1221960956
LTRPA,1219725894
CDNA,1219571652
GCI,1219319774
GHG,1214564420
AFIN,1214219244
AMSF,1214008740
LKFN,1213217160
SKY,1213097359
BNCL,1212531537
GSHD,1212475394
TCBK,1211517992
FORM,1210701497
EFII,1208997935
HFWA,1208731523
ANDE,1208506400
GPI,1208365646
IOVA,1208293070
NXGN,1206597427
UFCS,1206201941
HESM,1203961671
HRI,1202336611
GTX,1202035479
CTRA,1200129273
USA,1197774142
MTSI,1197205539
TRHC,1195669362
GPRK,1193665000
FTSI,1187814511
EDN,1187703563
VVI,1187073331
CJ,1186280050
BMCH,1185560464
CBZ,1184189762
NP,1183523989
KREF,1181562733
AXDX,1181532597
CDXS,1181332063
SLCA,1181271724
MTRN,1180241816
SBSI,1179073800
SOXX,1177925000
EVH,1175852220
PRTY,1175844023
ETG,1172734289
TNC,1169425000
FBNC,1167469022
FRAC,1163785746
LMNX,1163538183
TGI,1162443616
AUTL,1159823198
GME,1159371044
FTA,1158482105
CECO,1158032467
NFJ,1157527304
NRC,1151916947
XPER,1151383869
RMBS,1151194942
PHK,1150797238
EGOV,1148986774
WRLD,1148968171
NCI,1148629780
DENN,1147224732
BCC,1147030451
BBT-E,1147010000
PATK,1143690002
KRA,1143424752
RUBY,1142188199
TAHO,1140461759
TILE,1139816962
CYOU,1138713336
RDWR,1137703180
BIF,1137587620
SMP,1137283033
FLWS,1134318532
NTGR,1133668929
ATRO,1132378254
WETF,1127566720
TGP,1126781236
SONO,1126417528
HYLS,1123138595
CPS,1122470347
NWLI,1121539041
BOLD,1121463515
VWOB,1118263951
KEM,1117019076
ABR,1116668683
HMHC,1115758196
PRIM,1115244007
WSC,1113607471
AMPH,1112816993
HMY,1112271827
GBDC,1111769198
ALG,1111565153
NBR,1109163155
WVE,1109014496
ATKR,1105370523
NBHC,1105224743
CLS,1103952545
CNXN,1103075593
RCM,1101259358
PACB,1100651483
TPIC,1096065866
CBPX,1095310728
DEA,1094739138
FBK,1093178849
VNDA,1090957504
HLX,1090403666
AINV,1090399791
OFG,1089482946
CRY,1086105326
AIA,1085475000
VER-F,1084890000
WPG,1084814108
WGO,1081505458
NRK,1079638633
CRZO,1079348767
NMFC,1077666228
ETM,1077486483
BXG,1076176152
ETV,1072892008
VONE,1072056500
HEES,1072032630
MRTN,1071359812
OIS,1065825924
JQC,1065423117
EFSC,1063869787
WIFI,1063620967
CDE,1063288000
SQQQ,1061510281
TUSK,1060709569
CMCM,1059240617
MEI,1057826827
KNL,1057070699
XENT,1056906513
TPRE,1055642617
CRC,1055604228
PLYA,1055575053
UHT,1052937778
FDT,1052924100
VNET,1052799843
PBFX,1048880643
CTS,1046874041
BAND,1044391321
ETW,1043100915
DCPH,1039825760
BCSF,1038909525
JT,1038347847
GEF.B,1038090004
BJRI,1037990655
ECPG,1037250224
NTRA,1036164659
BRY,1034519412
RGR,1033514784
ARR,1033310483
ESIO,1032326606
FRO,1029116424
PGTI,1028436562
SXI,1026803285
CNXM,1026705082
GLOP,1026456081
PJT,1026127365
STC,1024890077
WTTR,1024179619
EIGI,1022756989
KEN,1022708231
CEIX,1021785311
RPT,1021154074
PBYI,1017441640
GS-D,1017360000
APOG,1015559646
BPFH,1011396821
SCSC,1008816924
KFRC,1006378569
REGI,1003735035
NVEE,1003626211
IIJI,1003061761
CHRS,1002688471
ITG,1002414017
STNG,1002381187
HMI,1000870513
TRUP,1000258625
CLDT,999169587
AKS,997093017
LABL,996120935
AWF,992503582
HFRO,990083664
ASIX,989753246
BCRX,986769396
JOE,986527273
DNR,985373073
LNN,985332068
EXTR,984283588
OPRA,983933459
MCRN,980844124
ALDR,980486897
MTSC,977652303
CASH,977615777
JG,976577834
CODI,976370000
KAI,975442735
BTE,975146109
KELYA,974394035
GPMT,973789776
RCII,972897628
MSEX,970286228
QUOT,969027909
CHEF,968337097
ATNI,966230365
AC,964919143
AGMH,962933434
CCC,961687500
NYMT,959428254
ACCO,958560888
MBUU,958484198
TBI,958286128
GMLP,956951275
VYMI,956149740
MERC,955204334
BABY,954628503
CGBD,951669182
ARCB,950050694
EDIT,949988475
TCDA,947732880
JPC,947559474
RYTM,946983152
FNKO,946057190
RNP,945626712
RBCAA,944270855
CETV,943143756
SMLP,941903238
CRAY,941701053
MTLS,941588945
EEX,940672916
VCRA,939387162
PRSC,938915771
EPZM,938141428
HIFR,938030367
GCO,934309011
FTC,933934132
FATE,930361283
PJC,925730000
VIGI,925476683
TDIV,925202250
SYX,924423800
SPWR,922696064
LNTH,920851525
INFN,920430179
WASH,920071124
NXEO,918510909
SUPV,917098419
CRESY,915706218
IRT,914106636
MLAB,910371987
SA,910206951
FIXX,908897538
ADUS,908370919
ASTE,908253675
TVTY,907575719
NCOM,906472587
TPC,904470008
AMBC,904458746
SLRC,904381676
MBI,904180586
IGOV,902643000
SGMO,901479980
FORR,900963120
BKE,898499482
AOD,898404381
NCS,897152392
GRC,897120496
TBK,896635027
MGNX,896315087
LION,896139098
CERS,895548713
GLIBP,894862350
NXRT,894631104
VRS,891477101
FNX,888111137
EBSB,886646064
UNT,886010882
FPI-B,884607372
PLOW,881706490
HSTM,881513903
CMCO,881179358
PRFT,878985511
VCTR,878305818
ATNX,877647745
HQH,876648223
IPOA,876300000
GPRO,874582388
TCPC,873975373
CKH,873475513
RDUS,873447917
PHO,872364000
KNSA,872007580
GIM,870595585
PML,868830692
NRE,868816084
DOMO,868097942
QIWI,867946883
NPK,867634200
CPF,866134679
AGM,864692543
CSWI,864210361
XYF,862459361
UBA,861278508
QADA,860435229
CEM,859766686
GFF,857165790
CASA,856719708
SDRL,856000000
AKBA,855616632
WEI,855286965
CBLK,855079197
PARR,854724645
IMGN,854290112
ANGO,854155669
PSCH,853946500
GSAH,853875000
GS-B,852700800
GSBD,852423374
MYI,852422172
DLTH,851937607
YRD,851830836
GMS,851640327
ENVA,851369762
LBAI,850832690
CO,849642014
HTD,849592914
CPLG,849445477
TDW,848898411
RTRX,848463317
VCEL,848307600
BML-H,848040000
WAIR,847850061
PVAC,847749162
CPAC,847736000
OBNK,847275422
LPI,846652912
VLRS,845892796
CBTX,845094510
STG,844754591
NEWM,844158560
AGS,844154003
EMD,841939726
BLDP,841766664
NRGX,840800000
AGRO,840363223
GAM,839532000
FF,839432833
SYBT,837618180
CARO,837588338
PETQ,836831587
ABTX,835539589
NR,834746438
EHIC,832647265
IGR,832456127
IFRX,831270722
TRST,831267400
CTWS,830948967
HLG,830056140
NMZ,827259051
ENPH,827232672
SP,826387662
BMTC,824296798
BANC,824064746
UBNK,821441127
JKS,821109415
FFC,820886379
THR,820278523
TCX,818567636
HQCL,818358519
BOOT,817008447
VTA,815037124
WNC,814906947
KRNT,814843138
OSPN,813349500
VGLT,813192992
TYPE,812986529
CENX,811474144
UTL,810855088
OPB,810236405
INTL,809729269
CTMX,809677801
QUAD,809555231
SOHU,807912519
CHY,807474961
QQQX,803989436
EOS,803564132
MCRI,803443159
ORIT,803441727
MOD,802966757
GSBC,801948391
CRCM,801597051
CIBR,801591056
TPB,801521341
JBSS,801172434
TRUE,800836113
APLS,799769360
CARB,799324921
RAD,799130891
VMO,798862145
WFT,798235669
PFBC,798174122
SRI,798134737
VCYT,797803171
IRS,797416162
XOG,796371170
BCX,794109760
VRAY,789774266
MOV,789416632
FOSL,788815672
MS-A,788400000
CMCT,785683610
CASS,784728399
AHH,781718820
PEY,781356000
RUTH,779168462
PDT,778377062
RA,777557937
RFP,774866445
HIIQ,774330864
GABC,773991198
FPAC,773344450
NINE,772030237
CNOB,771423375
AMRC,770567229
CTBI,770125863
USB-H,769600000
MHO,768187479
LASR,768009081
UVSP,767189031
CNSL,766656348
FARO,765858584
RYAM,764893091
HT,764821002
SRDX,764310170
YMAB,763544562
TSCAP,763062830
GOGL,762928571
UNFI,762505994
VVR,761552957
HMST,760998860
COHU,760284369
NE,760126749
EVA,759935533
CRK,759095529
DKL,756250673
SOI,756030435
GTHX,755971701
AGM.A,755713175
ITRN,755711443
SPN,755652257
PDS,755019319
UPLD,753901848
INDY,753388000
VIOT,750850659
PRNB,750661932
NESR,749529856
NFBK,748009592
HSKA,747996381
HNGR,746177873
BLX,746092457
WLKP,744914270
BRSS,743457404
OCSL,741453024
THQ,741352361
FOR,740521035
PTNR,739752488
ITCI,737710942
REN,737672561
BY,737423493
WSO.B,736451413
NVAX,735072240
DCOM,733769714
PID,733580400
VIVO,732938735
VRTS,732795810
RGS,731884218
EPRT,731047327
OFLX,730143322
CCS,729444394
RTEC,728609795
TRK,728042405
CONN,727204545
AGX,726996870
TGH,726941551
CHI,726842082
CLLS,726827082
BOOM,725857015
ECHO,725671476
ORBC,724961908
BST,724827690
HAFC,723416141
ORGO,721385274
PPR,719726055
SBLK,719553890
WTI,719425136
BOE,718750022
NSTG,718065565
ACLS,716949180
NANO,716538480
ANIP,715724676
RDVY,715080061
IIPR,713535642
CAC,712862308
WOW,712829607
OMER,712595367
NVMI,712457693
RMAX,711799480
CHS,711658464
IRCP,710719231
OSUR,710493840
UIHC,710105229
SGH,704321555
CMO,701829710
VEAC,701040000
UIS,700567785
EROS,700094595
PLAB,700021852
AOBC,699201851
EGO,697139560
EMCI,697087136
QNST,695807436
ADTN,695693577
WTRH,695532584
SPTN,694717049
BHK,694684423
AXGN,694564763
MUX,693450000
FFWM,691912909
CII,691382338
AMTB,690496170
PZN,687184760
USCR,686270729
QTNA,685446501
CUBI,685097742
RDNT,684619455
HBNC,683849753
STAR,683276918
MTW,682894361
CYD,682333460
AMEH,681351974
EXPI,680635885
EMO,679848597
FET,679018361
IPHS,678925127
LDP,678721179
KBWB,677882500
JOUT,677832335
IIM,676202164
CBAY,674039734
KRP,672924825
EUFN,672660000
QQEW,672547626
EOLS,672328528
SXCP,672142732
QTNT,671124997
NTG,670277176
AEGN,668899593
PDVW,668651620
CARA,668622531
SPNS,666536612
LOB,666441279
TSC,665696000
URGN,665667304
PEBO,665602287
SCHN,665115200
VNTR,665042256
BHBK,665037357
TLP,664907169
GOF,662838443
TLRD,662768307
WINA,662619160
HIMX,660878385
BGB,660586210
TDF,660065034
VGM,659921852
FFIC,659854160
DRNA,659312710
DBD,659236144
CVIA,658556039
BBX,657933810
VKQ,657757499
UBP,657378796
OMP,657339846
BDGE,657102169
ROAD,656941233
SFUN,656832015
OZM,656649679
GPRE,656418177
DVAX,656379775
APTS,656377907
DIAX,655814986
YI,655614186
CHCT,655540577
FLMN,654215100
BTO,653466170
SXC,652093857
PCN,650448082
ESGD,649688000
FEM,648975051
SGRY,648790470
RVNC,648393803
EXTN,648228848
WIW,647939979
DXPE,647815191
CMTL,646415347
MYD,646395095
TOUR,645603903
CIVI,642997005
EGRX,642597000
CIR,642136728
SBR,641053800
HSII,640992734
KLXE,640901827
LVHD,640463423
CEVA,639987427
ULH,639489711
OSTK,639385233
ZUMZ,638269850
MYE,637758234
SAH,636128943
NKX,635197459
GLP,635037117
IGD,632944785
IQI,631432536
LAIX,630571838
RARX,626577823
NCMI,626143411
FEP,625993569
FDEF,625874846
EIDX,625804509
BIT,625734718
MDIV,624817537
HTBK,624656663
BMRC,624375395
QADB,624286583
MBIN,623234462
ARVN,622756211
PFN,619069204
FYX,617407128
GLT,616889916
ACOR,614929323
DHT,614576084
GOOD,613375775
VSLR,613304394
HIO,612878273
IMKTA,612858224
FSM,612568649
CTK,612321354
LIND,612094078
DMLP,612024515
BOJA,610970655
RESI,610848024
FORTY,610368986
THOR,610047837
XELA,609627545
MSBI,608046029
KNOP,607456267
GBL,607172900
HCCI,607139871
NID,604196421
WAAS,603054067
BGY,600860084
LBC,600437053
IMOS,599901324
NVGS,599418394
TWST,599023215
AXNX,597809715
WBAI,597770746
KPFS,597034046
CMRE,596153624
MTL,594434624
FMBH,594047023
FMB,593936106
REDU,593817088
LOCO,593423720
RCKT,592752240
NX,592296849
RBBN,592247897
HMLP,591503858
TG,591196748
SCVL,591132886
CAPL,590372097
OSIR,589702133
FLIC,588536431
NIE,588261327
NTLA,587897363
VKTX,587400025
CCXI,586639013
MBWM,586139375
CSTE,585988140
BFK,585750701
AMAL,583961732
LXRX,583648965
REVG,583586252
CRMT,582249908
RDIB,581849817
LMAT,581000165
AVH,580745095
RVI,579986906
IIIV,579878792
MVF,578988793
PGC,578969600
FCBC,578342412
MMU,577038824
BBT-D,576685900
HPS,576279976
VCV,575819968
WLH,575765748
PNQI,574860000
TMST,574250524
EZPW,573858244
JFR,573738157
IFV,573300039
MYRG,572808848
QCRH,571356861
WSR,570742579
TPGH,570375000
GHY,570069634
CIO-A,569983335
KMF,569434513
NCV,569046125
KURA,569032802
BGG,568839509
TOO,568265500
DSU,568230950
BPT,568170000
AVD,567893787
VRTV,567307922
DFIN,567083000
GS-A,566100000
AHT,565815208
LE,565314300
CMTA,564920005
NIU,564218050
ETJ,563478863
OLP,563015352
IHC,562066077
TUR,561358000
KBAL,560220725
VECO,559656042
PUB,559525735
NXJ,558257630
CLW,557702712
IFN,557659056
KIDS,557036764
GBLI,556825478
RECN,556768959
EVRI,556635684
EOI,556257296
HIX,553428756
MET-A,553200000
FLXN,551951225
CRNX,551889130
HPI,551634303
TVIX,551102345
MMD,550415357
GDEN,550013186
IBCP,549171795
EBF,549135498
SIGA,548659221
MTRX,547471644
APEI,547418286
PRMW,546813253
BBSI,546422759
SBT,546026515
DPG,545051312
EFT,544936642
PRS,544660150
ASMB,543893354
THFF,543805686
JHB,543072399
NBB,543014436
FRPH,541915461
HMTV,541379068
NCBS,541215000
BHR-B,540963725
MODN,540323573
SPAQ,538752000
EQBK,538228678
AMAG,536750848
JE,536749143
OBSV,536143410
FPH,535549434
BLW,535260960
PRTA,534572365
ESTA,534201729
TOWR,534126597
CBB,532764810
CEL,532716988
FEI,532301245
FVC,531926553
VSTO,530989822
TBBK,530028766
MUC,529752080
BOMN,529746652
AUPH,529246411
PPT,529055340
AMTBB,528991750
INSW,528531313
HONE,528211263
UMH,527317196
AKRX,527067967
PDLI,526974125
FLDM,525907166
QTRX,524977473
ETH,523351221
CYH,523279863
NEW,521818595
LXFR,521077959
IPI,520494393
SSTI,520201378
PFLT,518770350
AROW,518689275
RCUS,517885885
MUI,516616628
BSTC,516529525
PACQ,516465000
COLL,515668492
KOP,514758707
BLBD,514289646
RC,513041792
DQ,512622868
GLDD,512331818
ATEN,512161014
FITBI,511740000
MS-G,511400000
BBDC,511302118
MPX,511272987
CCR,510813480
WINS,510422529
MOBL,509829177
EFC,509330351
DHIL,509173445
MITT,507610687
REX,507439676
TRC,507411379
USWS,507317483
ATRS,507282886
IFGL,507228000
HTBI,506950656
CIC,506646875
COWN,506018617
ESGE,506012000
GLYC,505568300
OKDCC,504798000
JPI,503846799
CLXT,503568670
NRP,503429771
SGU,503098679
ATTU,502269496
EEMA,502050000
BML-G,500976000
AVK,500615719
MUA,500507183
BML-J,500400000
TEI,500143516
SFS,499370517
PNNT,499322122
GRSH,499000000
TC,498640686
SIBN,498394931
NVEC,498169828
ANCX,497661803
LDL,497504264
FTSV,497033600
CAMP,496757037
JW.B,496572549
GPP,496554724
BCEI,496341590
CHSCM,495710000
ACBI,495692212
GHL,494014112
FSB,494004128
CURO,493964637
GILT,492105015
NHF,492058219
EFR,491924979
AGYS,491648594
CRBP,491183516
AWP,491095718
OLBK,490667821
DRYS,490405025
UCFC,490306173
ZIOP,490149744
CINR,490028284
HCKT,490002718
YIN,488758692
MMLP,488343325
MFL,488103159
GTS,487629820
FRA,487000943
SRRK,486862708
PRQR,485880316
CTRL,485590025
NQP,485224721
FBMS,484605479
FISI,483923020
ANIK,482336851
HLIT,482295780
LEO,482282441
HVT,482189353
ESND,481815450
WMC,481163790
CTT,480951152
ICHR,480932408
PEO,480167914
ZIXI,480089555
MYN,479789398
FELP,479678743
CIO,479669605
DCO,479573942
WSBF,479316920
ADAP,477886952
ZYME,477746360
VPG,476320429
ELF,475310381
NITE,475139422
CCD,474921873
CAF,473952532
FIXD,473575100
PETS,472605834
ELOX,471614044
YORW,470716683
PEI,470002591
TISI,469738901
DBVT,469075738
NLY-D,469016000
ONDK,468834621
ISD,468254674
SWIR,468155047
CPSI,467936555
BKS,467324922
JKI,467014500
KNDI,464367135
ARAY,464003976
CLNE,463918388
CHW,463729469
GRBK,461043746
NBEV,460908875
SNLN,460617168
BKCC,460247852
SVA,460155206
MG,459831516
ESTE,458395631
CSLT,458311956
INSY,457501112
STI-A,456670000
HWKN,453667216
EDD,453068334
MCA,452435179
CVTI,452047066
CALX,451075118
TTGT,450492839
UAN,448600573
AZRE,448295321
PMO,448251704
VLGEA,448050796
UCTT,447492656
HPF,446965344
USX,446753078
CHSCN,446544000
NNBR,446304594
RILY,446110644
SNR,445246870
APM,445120023
ZEAL,444798788
ASNA,444233603
MEET,443648562
PAR,443066662
TRMD,442696808
IIIN,441744931
RCS,441714460
DFP,441482089
FRGI,441015704
ERII,440593532
BIOS,440461387
RBB,440200484
CVEO,440083053
BBT-F,439920000
OSBC,438939026
JCAP,438463239
TMCX,438150000
MCFT,437858349
DPLO,437166354
CCBG,437039308
FSD,436929021
HAYN,436860471
MIN,436730549
HCI,436668517
LOVE,436512393
CORR,435312926
RRD,435072000
OXFD,434698398
CCNE,433788843
STNL,433406250
HZO,433198579
JRI,433002529
MOSC,432975000
ACRE,432774888
GER,431903916
TPCO,431844521
TITN,431255029
SECO,429589603
ANH,429304902
PRTH,429101075
UEIC,428937071
MESO,428816665
CNBKA,428617635
CAI,427825436
UBX,427457876
VYGR,427146187
MIXT,427089098
KTF,426610130
PKOH,425505476
ARA,424672869
MQY,424277165
VTHR,423060000
HYAC,422812500
GLRE,422809050
MITK,421433438
TEUM,421178643
EHI,421086715
KE,420225498
BSRR,420150632
PLUG,420094969
BZH,419709050
WLDN,419701573
NCZ,419487826
LMNR,419426952
OMAD,418687500
HCLP,418631200
DF,418614391
BYSI,418536834
INSG,418317700
UFI,417903620
FPRX,417431548
MAXR,416258328
BHR,416153971
BBH,415877034
MGIC,414926291
ODT,413951858
VRIG,413253025
NTRSP,412960000
POWL,412564863
KIN,412396208
EAGL,412343750
RRGB,412055532
REPL,411775420
NYNY,411357838
JRO,411290751
TK,410779543
NMCI,410423921
USLM,410140768
HIFS,410106498
FMNB,409654080
ASPS,409519580
PKO,409319237
GNMK,409033126
TAST,408870325
FARM,408230721
FBM,407931117
VSEC,407497420
IMXI,407056309
ATAX,406696154
NIHD,406519895
ECC,404557493
LOOP,403978187
CSV,402666747
IESC,401208464
BFZ,401019264
KIM-I,399840000
NFC,399769500
TACO,399544802
HRTG,398743069
HQL,398398695
CYTK,398295352
STRL,398175473
OMI,397275142
JMEI,397194405
MSB,397011503
CDLX,396755095
EQC-D,396198000
NAN,396061670
MUJ,395920247
PMX,395641695
GAIN,395510631
TGTX,395419992
PCMI,395096247
AMOT,394975602
PDFS,394394915
MPAA,394050687
QYLD,393859750
NEXT,393745579
TBIO,392736183
CSML,392594000
SRLP,391933763
GBAB,391723376
RIGL,391605109
ETB,390957838
MOFG,390369481
PT,389569792
SONA,389165454
THW,388710170
MIY,388658455
COMT,388440000
JCP,387940545
MHN,387905007
KZR,387705804
JMF,387474040
GRAM,387338268
PMM,386893400
NEWT,385521995
AUDC,385278985
GPM,385067680
FRBK,385065350
CHUY,384773603
NSSC,384730767
DGICA,384342742
MMT,383470511
MLR,382287018
CSWC,381891812
WTBA,381640469
DX,381300513
PI,380527555
BME,379720576
AGEN,378898643
FDUS,378689082
TWI,378675269
DGII,378317291
FRTA,377528952
OPY,377482054
NCNA,377371823
PGNX,377059612
AFI,376308263
PLSE,375153420
RWGE,375000000
OSMT,374985117
OMN,374913137
IRDMB,374265000
LNDC,373962579
BKT,373851076
CATO,373803464
RDI,373568198
FMO,373545695
LGC,373500000
MCR,373379229
FLY,373189717
SLP,372940687
CBL,372937949
PBT,372870368
DAKT,372342507
ARTNA,371514526
EBTC,371501757
FC,371215046
OXLC,370845388
LCI,370081128
DSM,369777248
HOFT,369700061
MCBC,369392709
WRLS,369166153
FLNT,368927517
STML,368888050
AFB,368510080
GNTY,367908895
EGLE,367318627
STKL,367128980
CLAR,367050670
PCSB,366407123
OIA,365700389
GMZ,365645995
JLS,365592475
GOGO,365576242
KEYW,365458730
CTR,365185350
GRTS,365011532
ECOM,364263572
ARQL,364038447
GSM,362870902
PSC,362655032
AMRS,362633491
MNOV,361854484
CRAI,361716035
SAFE,361318600
AMSWA,360335185
LMRK,359788694
BFC,358856656
BGR,358798672
PKE,358134345
EVC,358093061
KBWY,357120960
EXPR,357034042
AMR,356883690
NPTN,356881897
INO,355644549
BGH,355625663
KALV,355020997
OXSQ,354999645
GWGH,354945231
CATC,354692398
NDLS,354011852
GUT,353655765
BDSI,353458090
SPLP,352487678
TEDU,352312221
RST,352073568
LKSD,351111725
CIA,350572796
GNK,350229993
MGTX,349453424
JGH,349410408
BYM,349354992
RMT,349062098
TLYS,348457229
BUI,348399519
RFDI,348305363
TPNL,348000000
WHG,347825472
BNED,347668439
GTYH,347435428
NEBU,346843750
DMRC,346727571
SPKE,346695650
ACHN,346540425
PMF,346091572
ARDC,346043986
NODK,344341598
AMSC,343970221
XAN,343201142
PTVCB,342512761
BLMT,342494434
LEGH,342000000
MRT,341968592
BWB,341905033
ECR,341865610
NEV,341316930
CNCE,341131889
ORC,340637136
UROV,340526291
SNCR,340219552
CASI,339722679
PSCT,339430500
SMBC,339328408
LLNW,339309774
CCRN,339306870
GMDA,339120656
DGICB,338533625
ETO,338527068
ZAGG,338520920
LPG,338236181
NAT,337887805
NTP,337808159
RFI,337755170
HBB,337608299
DERM,337388169
FOF,336849252
HBCP,336829374
CNF,336707425
CYRX,336567071
LL,335716213
CAMT,335555805
TPVG,335545797
AVRO,334423945
LAC,334281926
BLFS,333920794
HYI,333320688
PTVCA,332841463
MCI,332786306
MYJ,332415525
SPNE,331736386
SIEB,331589265
UTMD,330978906
VRA,330375786
CBMG,330033264
CLRG,329535000
CDR,329260551
FCT,329173788
BREW,328908501
IVC,328358256
TBRG,328305000
RMNI,328075225
GRVY,328057569
BLE,327352132
PFIS,327334149
MOG.B,327324542
ISRL,327150466
EXK,326952630
RM,326811750
ITIC,326575653
CZNC,325846279
KRYS,325660634
XIN,325337710
NGVC,325121159
ADRO,324762704
HIBB,324753819
PSF,324746205
CHAP,324733053
OOMA,324414000
PFM,324066750
TTS,323943686
CIVB,323894176
PCQ,323834160
SPAR,323610948
SMTA,322076456
TTI,321818670
BFST,321744561
GFN,321587201
LIVX,321306698
EOT,320356492
TCS,319885638
WIA,319806435
EGAN,318923575
FIV,318542648
TGLS,318291848
CRNT,318183792
MCB,317784100
AMNB,317681152
SLDB,317474842
DSKE,317114575
ALBO,316843994
MEN,315709037
PLPC,315662625
KIO,315478286
BPOPN,315120000
GCAP,314841472
VEC,314409102
RYI,313031882
DJCO,312752776
MVT,312602989
CHSCO,312409230
SIC,311451979
STK,311319740
MGTA,311292951
DFBH,311250000
TKKS,310726000
ABEO,310200824
SOR,309988836
PRPL,309086495
TYME,308992688
NERV,308639448
NOA,308245565
KPTI,307788931
FYC,307588094
BCOV,307191196
DSX,307142479
NLY-C,307020000
EVLO,306890462
AQ,306720154
KBWD,305760000
AAOI,305295383
XBIT,304826260
NATH,304725208
BXC,304557629
POPE,303806438
ADMS,303697772
WOOD,303665544
KALA,303147034
PTSI,302964254
BKK,302942321
CHMI,302907753
WEYS,302651405
BELFB,302507421
IMMR,302487856
SIEN,302008809
OPTN,301373244
AT,301190032
SMMF,301051212
CSTR,300256774
VAPO,300188675
JRS,299903849
RTIX,299532231
GRAF,299221685
CPRX,298971238
BIB,298878000
LQDA,298730920
NTEC,298369372
DS,298270613
WHF,297917464
FFA,297400412
HFFG,297044312
ARLO,296246528
BGT,296074445
ICLK,295998032
FMAO,295979590
SALT,295551621
BH,295457368
FNLC,295075275
VTIQ,294918000
AXSM,294575048
DFRG,293898232
SILC,293757901
SD,293757628
NEPT,293360121
ACIU,293027702
RNET,292919037
TNK,292774000
HABT,292272787
DSPG,292102624
DBL,292011321
PFL,291939785
SRT,291569230
MRLN,291383577
SFST,291305557
VPV,291197028
SMHI,290796156
HURC,290490415
USDP,290151891
CPLP,289486224
SIFY,289469128
CRD.A,289426336
TNP,289083659
TCI,287686311
SENEA,287250090
VTWG,287086000
WATT,285213978
IRMD,285166935
KDMN,285089659
MYC,284879270
BFRA,284533297
NMY,284400674
BELFA,284381470
STIM,283908780
WNEB,283365613
ATTO,283071684
APRN,282873074
SMBK,282014121
SCAC,281410899
EVN,281107306
IMDZ,280800947
SENEB,280620358
SPOK,280167350
MFM,280075891
NKSH,280058454
YRCW,279927657
ACNB,279726994
PHX,278332088
SUNS,278302415
VRCA,278034734
HK,277957939
ENOB,277815736
PCK,276453717
ACRS,275909927
CMLS,275451584
GPX,275313026
CTAC,274927800
CVCY,274411552
MGU,274302446
SGC,274146886
GCBC,273210048
IBUY,273010000
TBNK,272498229
ASRT,272380421
GLAD,272220315
FIF,272204160
AOSL,272202973
GERN,272068176
MUE,271983906
BPI,271422950
MQT,271147268
MRCC,270890473
NRIM,270716885
SLMBP,270656000
AMBR,270340946
CMSS,269680078
XNET,269465179
FTR,269149950
PCB,269065377
SPWH,268794290
AVCO,268789964
MRKR,268594514
JHD,268476170
OCN,267824850
MFSF,267739737
CTSO,266824851
TDAC,266745375
PTE,266706072
MX,266589107
MMDM,266512500
STXB,266398721
TWLV,266183260
JILL,265986363
WLFC,265742675
NCSM,264662481
CTRN,264618000
IIF,264396362
ECOR,264166805
NUM,264024077
HIVE,263888245
NCA,263493571
RNR-E,263450000
PHD,263214171
INWK,263057716
ICD,262657056
DWAS,262497000
RYB,262047795
FENG,261958475
CECE,261778968
JCO,261612090
NC,261252070
NUO,261205123
TNAV,260948137
RUBI,260864072
HBMD,260458267
LAWS,260453605
TSI,260370785
MHI,259593379
MUDS,259480000
RNR-C,259100000
EYPT,258342078
FCBP,258325410
KOD,257808999
ZTR,257188355
CVGI,257049445
BSL,256831858
SRNE,256777693
ATLO,256774017
CNTY,256709641
SBOW,256290854
SPXX,256176530
RBNC,256099290
MBTF,256043838
PNRG,255160011
BFIN,254764763
PHT,254316408
OCSI,253414205
NMRD,253219016
FMCI,253212285
GALT,252933853
MAV,252851632
JOF,252738326
ALLT,252527144
HYZD,252502920
MRUS,252307115
BCML,252167180
EIGR,251679033
APPS,251425664
USLV,251288894
VTWV,251138150
TSBK,251064771
MTT,250941208
VTN,250289126
UFPT,250246646
EMF,250229911
LACQ,249750000
AI,249744667
ERA,249172873
SBBP,249028478
RMTI,248992357
GEN,248988943
MNKD,248972214
FDEU,248656432
MIE,248106328
LHC,248000000
GDO,247265937
USAT,247203774
IHIT,247075382
NVTR,246349280
AJX,246267209
SYBX,245825062
IDE,245803157
CNST,245214085
FVCB,245181556
CDZI,245170590
GNC,244104509
NUW,243999278
BWFG,243973051
NWPX,243376375
PCYO,243201232
STRO,243104678
ENT,242993785
PDLB,242973448
EOD,242615248
SCM,242497912
KMDA,242410513
DL,242228258
DZSI,241998343
TCRD,241784566
FNHC,241564736
NXQ,241438099
CELC,241276345
CEN,241074529
MCRB,241049863
BKN,240602026
CYAD,240234580
ADES,240182510
CULP,240095394
MESA,239746117
PFBI,239745827
CLMT,239148288
PKBK,239026064
EVF,238938290
TWIN,238673109
IIN,238662404
NXP,238446761
AHT-D,238043269
FSBW,237831785
ISTR,237579686
SVRA,237470492
NLS,237403044
ACER,237351047
METC,237288205
QABA,237266352
IMV,237226820
VSTM,236132301
NGS,234928228
GMRE,234746238
UEPS,234724110
GNE,234297785
CHMG,234059550
PIM,233874802
CRD.B,233815929
BWG,232986725
TREC,232902656
DMB,232899699
AFT,232661531
ADVM,232613002
RICK,231990570
CLPR,231922070
FNY,231895837
PZC,231851266
AXAS,231581291
NSL,231345013
PRTK,231157750
SCD,231085791
JTD,230590693
BBCP,230204702
APF,230021182
DUC,230006771
LQDT,229487318
CDMO,229317576
MPO,228985471
EVG,228871629
PICO,228523400
LEJU,228083456
PYX,228023508
MLP,227957954
LCNB,227881031
ALCO,227466235
SJT,227450924
UNTY,227448960
PRGX,227435764
FPL,227067731
ACV,227056698
GHM,226577249
GEOS,226440659
TIPT,226403144
CUTR,226215314
TORC,226126073
CTRC,225758675
SLCT,225751493
LND,225431084
MSF,225164275
JCE,224079451
ODC,223795500
IVH,223655688
INBK,222771673
MPVD,222708625
APYX,222463564
DOVA,222248292
PVBC,222161595
SYRS,222120386
MHD,221716038
NPV,221444771
RGCO,221113026
FDBC,220640712
HEAR,220144046
RDHL,220141042
ULBI,219848481
GF,219645463
DHF,219577218
EFL,219116947
LCUT,218833050
RING,218707500
LFVN,218684442
DHXM,218519730
PRE-F,218039704
TOCA,217889829
MXWL,217620437
DMO,217430574
EDF,217120357
FTEO,216988158
LXU,216927783
SBBX,216874453
NL,216837304
CERC,216670244
ETX,216460303
BRID,216391675
ZEUS,216315040
CALA,216172810
BPRN,216086409
FRBA,215965585
MXF,215925173
SFE,215763010
TIBR,215409375
AMID,214726415
CGEN,214488859
CHN,214064210
ATHX,214036249
ALDX,213958269
IGI,213907790
ARL,212441169
UNB,211686077
AFMD,211630649
CDXC,211593539
BRT,211475254
AIF,211174780
PBPB,210435659
ABUS,210258721
GAM-B,210152000
LOGC,210007942
GENC,209974841
JDD,209510545
PTH,209508000
GAIA,209431626
MFAC,209283388
EHT,209029760
SPRO,208974237
ZF,208815664
AKTS,208195893
RCKY,208093729
PETX,207625343
LEAF,207576989
STRS,207374998
GWRS,206983293
SAMG,206625777
AFC,206400000
CVLY,206003617
GGT,205896961
BSET,205863787
XERS,205540699
PTI,205266025
GRX,204897421
CHSCP,204448701
VBF,203877076
RTW,203650986
ASA,202929801
PUI,202688000
RLH,202652447
NNC,202267907
PTGX,202243733
KVHI,202029339
AGFS,201756840
ADMA,201627907
CWCO,201568865
SGA,201538263
IDEX,201464032
DWLD,201344000
APTX,200984064
MPB,200923053
BCBP,200836960
FLXS,200568935
LAND,200508242
PGJ,200200000
FPI,200015225
MFA-B,200000000
MEIP,199929089
IPKW,199776715
ICLN,199308000
CCB,199211150
INSI,199122042
BGX,199042847
PPH,198866586
SHBI,198764658
PWOD,198733973
NWFL,198469960
YGYI,198327319
ACRX,198103270
WPRT,198084897
III,197916515
XENE,197884328
AGLE,197687441
BGIO,197389601
ELVT,196979259
FBIZ,196857405
HEWG,196834500
CLFD,196739366
AVID,196288924
TA,196056807
ORRF,195963736
HYB,195831533
MSON,195389235
MSL,194699899
HUNT,194405344
CCRC,194110464
ESSA,193844950
LFAC,193480313
FOMX,193248790
CNACU,192897300
VALU,192720853
INB,192539692
TLC,192455628
CHRA,192238551
BOCH,191434480
MCC,191204481
PMBC,190890058
CNAC,190859000
DAC,190626733
MNLO,190271587
IGA,190188597
AXON,189751506
FLC,189701881
MYF,189501766
XONE,188916444
CSU,188905983
FSTR,188863436
NXR,188769253
HALL,188713164
MTEM,188684920
ALGR,188312800
GIG,187389361
IO,187388773
MSD,187248809
HSDT,186650506
LEVL,186625201
USLB,186259765
HIL,186120114
MVBF,185536287
ACMR,185483323
OPP,185472173
ESCA,185261659
FGBI,184862603
FTXO,184731053
PIZ,184440000
GRNQ,184390517
FNWB,184193597
YTRA,184145712
MCHX,183044855
CELH,183044752
DNJR,183005872
KINS,182637341
ASC,182038071
UBFO,182006720
FAD,181999253
SPA,181450639
OBE,181365481
CFFI,181145062
ESQ,180785352
FUND,180350734
OVBC,180132388
REPH,179551883
BRAC,179544087
NBN,179441836
HEQ,179288778
TZOO,179240151
GSIT,179218395
ZFGN,178454575
CLPS,177922014
IOTS,177782218
DUSA,177364500
MPA,177319407
MBII,177104851
PME,177083319
SIFI,176773746
PIO,176715000
SAR,176442037
VBIV,176192236
CEE,175879210
CATS,175720561
ARYA,175195313
FTK,175105546
PSL,175000000
FTGC,174863346
FFNW,174262373
RVSB,173853305
MRNS,173447056
GLMD,173071543
FCAP,172673609
BKEPP,172507301
GDL,172450706
FT,171902155
FSNN,171616107
PEBK,171464322
BCOM,171463367
ENFC,171005618
OCUL,170956748
AXTI,170803387
MFNC,170761155
TRNS,170205789
OSG,170020702
DNBF,170017448
DD-B,169785017
NTC,169576669
EPE,169562257
KF,169286944
MRSN,169232046
TTOO,169108815
TCFC,169000038
EML,168767148
ARDX,168384576
MVC,168341620
QES,168259292
HNRG,168085834
MMAC,168080234
NIQ,167559621
ESXB,167541541
MDCA,167282568
PIRS,166781135
HX,166775352
PCYG,166569984
INF,166556827
LEE,166148441
ENZ,165645426
GRIF,165631157
BSVN,165546875
SUP,165126964
CBH,165043388
BNY,165026297
FJP,165000100
DRD,164896486
SBPH,164830693
OASM,164577506
PIE,164287500
MPV,164134581
MLVF,164121679
EPR-C,164113020
PBIP,163981072
OFS,163438566
PLW,163404000
JTA,163302076
CBNK,162565775
ESGU,162445265
JSD,162136107
VNCE,161893624
DHX,161707541
ENZL,161687500
AQST,161625359
NATR,161502966
TAP.A,161443422
HIE,161429302
FSZ,161353895
HBIO,161109726
NMM,160869414
KIRK,160617520
LJPC,160549822
SMM,160210939
USAP,159841817
PES,159557682
FCCY,159210593
JHS,159038777
IHD,158978063
GPAQ,158906250
FCVT,158865061
ACTG,158845821
CXE,158190772
FEMS,157652072
HROW,157359111
PANL,157253291
CLCT,157071386
PGP,156938430
SNDX,156714851
OPRX,156664972
MUH,156637646
JPT,156441327
JHY,156307189
MFIN,155683131
OFED,155580615
GS-C,155280000
TLRA,155197478
PSCF,155064000
MHF,154891807
BICK,154784055
IEUS,154475790
MUS,154427424
ITI,154423191
PCOM,154242674
MNTX,154230413
ACP,154143309
FNCB,154019015
BTA,153953173
PROV,153952028
TCBIP,153720000
FGM,153180083
SHLO,153080714
GIFI,152943861
USAK,152853284
KBLM,152643150
FMN,152562218
PHUN,152509550
HRZN,151885027
HYGS,151693458
MTB-C,151500000
FCCO,151066832
HCHC,150891534
CLUB,150861698
TTP,150237210
JYNT,150114729
ADMP,149913605
OPES,149830200
TGA,149465114
MRAM,149402207
INSE,149386865
NHTC,149254327
WEA,149166518
BBK,149110301
IDT,148476082
GGM,148314262
PXLW,148257884
EGY,148251806
EVER,148157431
NNY,147925336
OPBK,147416377
FBZ,147231031
OVLY,147069825
MGI,147015610
PFD,146877164
LGCY,146768373
INAP,145931580
ALAC,145869218
ERYP,145832160
EARN,145458887
FONR,145007552
NAZ,144584020
ASG,144344604
MCN,144324306
UTSI,144291552
SB,144221874
MGF,144096937
STND,143809492
DNI,143520572
NTIC,143487371
STON,143483678
NYMX,143367089
LGI,143118031
DFNL,143112960
MLND,142961434
ALYA,142794021
IVAC,142590581
PFO,142148751
JAX,142102352
JNCE,141920148
ARR-B,140911000
IEA,140902055
CYBE,140785199
UGLD,140470323
CWBR,140436506
CBFV,140424671
MNP,140246079
FENC,140066643
BANX,139964744
TRCB,139605410
MBCN,138857410
BLCM,138755709
UPL,138725722
NBRV,138652935
CHK-D,138601283
VGI,138137715
CBAN,138074246
CPTA,138008726
HWBK,137993324
KCAP,137362793
ALNA,136816631
TWN,136284439
JHI,136003731
ADRE,135890740
CDR-B,135731376
ORN,135563777
GSVC,135222857
ONVO,135027475
COE,134405127
NTGN,134205597
PAI,134088220
FGP,134070678
HFBC,133582227
IDLB,133000028
ALOT,132937421
ROSE,132794828
SLGL,132649776
CZWI,132537495
VSI,132351831
GASS,131938464
PTF,131774000
ICBK,131730974
EKSO,131548738
BBF,131211665
KODK,131170822
CYRN,131112544
IDSY,131005706
LMST,130761763
MDWD,130730216
DCF,130612795
PNI,130209005
SOCL,130185500
CCM,130091976
FAM,129891880
BRQS,129861947
AQMS,129844066
DSE,129732605
PFMT,129297220
NTX,129222475
TESS,129144785
CUE,128945132
SSW-E,128844000
SRRA,128653119
WRTC,128613653
ETON,128537874
CMU,128009049
JP,127802710
SZC,127770191
DXLG,127655353
PLBC,127573098
DRRX,127265497
BAS,127227784
BTAI,127198281
UMRX,127155361
TPZ,126822264
NDP,126428247
EDI,126390312
CXDC,126122103
CORV,125844657
KOPN,125642863
AUBN,125567691
XOMA,125266513
DGRS,125018000
KSM,124890330
SRTS,124662323
SND,124395413
PCM,124262370
AKP,124128233
CXSE,123607000
ALPN,123244409
NEOS,123197231
JEMD,123137508
SYNL,123040604
NIM,122960186
BBGI,122853538
RMI,122569405
DEX,122453502
AIRG,122446681
STCN,122436672
SBI,122375317
FSFG,122266689
SOLO,122013573
PGZ,121988464
SHSP,121970531
MAGS,121897322
FBIO,121860936
SURF,121799586
OPOF,121571577
AGD,121354458
PER,121275000
CRVS,121227836
SBFG,121155548
FUNC,121144574
TRVN,121015417
LONE,120968294
CRR,120321813
SSW-D,120172211
GGZ,120025980
QTRH,120005641
SAL,119961820
MBIO,119959976
GARS,119888659
VOXX,119785317
MDLY,119512871
ARC,119510632
SXTC,119462500
MVIS,119462374
CEMI,119450929
APB,119370591
PNTR,119214944
NKG,119093668
RNGR,119019725
NWHM,118951540
IRR,118739836
GNT,118697857
CCLP,118617424
PCF,118442061
PSTI,118025139
NMT,117554627
BAF,117198454
RNWK,117107196
CCH,116968750
EMKR,116769367
TSLF,116552333
PFSW,116326160
EFF,115693679
ARPO,115675811
TUES,115599300
VLT,114571329
GSUM,114391877
AVXL,113935546
STRT,113675459
RFEM,113437926
BW,112896927
TOO-A,112860600
GNMA,112838000
SPE,112517112
SMTX,112236604
DTF,112047008
MHLD,111972695
EBMT,111930135
MRBK,111675172
TRCH,111478678
TST,111438017
PIR,111358366
IAE,111254285
MFT,111109728
GTN.A,110518977
SVBI,110420025
PRT,110099875
MYFW,109565775
AIRR,109267551
WILC,109237532
JMT,109116605
RMBL,108931548
FRED,108914144
CMFN,108228971
EGIF,107713125
ESTR,107492137
ZIV,107116620
GRIN,106757465
MAMS,106635508
NNA,106362112
VTVT,105773042
UONE,105751476
RGT,105454047
DWFI,105402560
TSQ,105334428
GPIC,105243709
RAIL,105176309
CSF,105132675
ASUR,105128553
RADA,105052898
VTC,104566065
DINT,104548000
ANIX,104371148
EQ,104257416
RDCM,104219723
SQNS,104045440
RPT-D,103940000
CIZN,103534628
AFH,103493530
RENN,103193790
GFED,103192539
CGO,102871549
SOHO,102664177
LARK,102569841
PEB-C,102080000
VERI,102053308
PMD,102049565
HMNF,101552304
VUZI,101522007
CSBR,100890000
RIVE,100876895
BKSC,100804592
MTC,100584000
MSBF,100550586
PNF,100486666
UONEK,100111397
ASLN,99995376
CRUSC,99980000
SWZ,99967674
KBWR,99900000
CBIO,99841214
HWCC,99801572
HOV,99496159
DDF,99177251
CKPT,99075364
CAAS,98729292
RESN,98610851
BNDW,98475000
LXP-C,98415090
FEIM,98383516
QCLN,97995042
RIBT,97485000
CHMA,97478266
CMRX,97390276
FEDU,97369705
SREV,97357689
SKOR,97227050
PRN,96000000
SVVC,95980155
DDE,95922727
PCTI,95533389
TLI,95414035
ALSK,95202006
JE-A,95014923
INFI,94967247
SANW,94680252
SSKN,94620152
ABDC,94350293
TGEN,94314655
NMI,94265022
JEQ,93991285
BSD,93814266
OTLK,93600168
MFD,93509015
JMP,93492219
NK,93486778
LSBK,93308745
MVO,93150000
BRPA,93065650
FNJN,92817494
SDLP,92739816
ARTX,92701532
ICAD,92412056
EWZS,92287500
INMB,91999416
CELP,91984508
UG,91794494
FAB,91443111
SNFCA,91404209
CPSS,91035882
GEC,91009853
RELL,90955154
FRSH,90929173
EXD,90698382
DOGZ,90622559
GECC,90545409
RNDB,90484369
RIV,90400616
PRVB,90364634
BLNK,90275743
ZYNE,90249590
RMED,90220575
DLNG,90144600
WTER,89986056
BSGM,89818841
LAKE,89801537
AREX,89790791
EVFM,89500678
CFMS,89448504
MGEN,89434443
HBP,89056841
PVL,88770000
AMRK,88736899
JMLP,88426448
FGB,88394275
QQXT,88106344
NXC,87999263
INVE,87940117
DXJS,87584200
SFBC,87513600
UTI,87510678
CSSE,87466161
ASPN,87012868
LYTS,86986956
LUNA,86882207
PFIE,86549513
ASPU,86543542
LRAD,86430102
KEQU,86212970
DWSN,86038646
AHC,85921626
CWBC,85779578
NAII,85764184
CPIX,85712479
EXFO,85475675
CXH,85454098
AEYE,85297643
BGFV,84427400
NTWK,84197450
PBBI,84167948
AIHS,84108050
BCAC,84097996
HMTA,83893353
MFCB,83481775
LTN,83375000
TMDI,83152171
HNNA,83138643
TZAC,83063883
BCLI,83036020
STKS,82901133
EMCF,82861610
SGOC,82831508
TLGT,82812300
NHA,82605571
VOC,82450000
COCP,82288459
FEMB,82259077
MACK,82191549
AMRB,82017992
WEBK,81973756
HCFT,81959317
BSE,81560947
VERU,81554824
EDAP,81194025
ORGS,80969060
AGZD,80852000
FLGT,80447576
EDTXU,80327500
PSCD,80327000
AWRE,80147820
QHC,80080208
MARK,80059290
SSFN,79838354
ESGG,79719469
ITRM,79434363
FBSS,79323768
FDIV,79310179
EDTX,79299688
NICK,79296578
GDV-A,79282327
BFO,79260324
TLSA,79149010
IHTA,79056000
ACST,78909853
MAYS,78615420
LINC,78607316
AVEO,78341624
XRF,78253460
PERI,78156236
HTY,78049117
BKEP,77959924
YRIV,77812187
SQBG,77785200
IDRA,77467093
BLCN,77245522
HTGM,77223483
AVNW,77204837
VAM,76943563
BBW,76874991
APEN,76846217
GAB-D,76810188
ATV,76786011
TACT,76644960
DLHC,76549984
RDVT,76486267
CFBI,76395290
CDTX,76316435
QLC,76297534
EGF,76285889
MBSD,76131023
NMS,75996104
AVDL,75874629
ETTX,75847466
RFEU,75777637
ROYT,75622990
VRNA,75553426
ISHG,75475695
IROQ,75414675
MTEC,75352875
QUIK,75248508
PHAS,75209704
APTO,75169997
GFY,74927932
GCV,74604994
SSBI,74314319
ALIM,74283611
ASRV,74001073
UBOH,73952878
SOL,73851707
DVD,73670715
NETS,73603298
JRSH,73441493
MLNT,73334550
SALM,73321114
PRCP,73315818
AAC,73315018
INTG,72958224
JHAA,72800000
NEWA,72744570
IRET,72448189
DDMXU,72232000
FFBW,72013415
SGYP,71930817
CODA,71771284
NH,71727736
RFIL,71553798
JMU,71298350
PYZ,71127500
PSCC,70785000
CHKR,70592500
DDMX,70570664
XFLT,70540524
ARDS,70511386
ALJJ,69968640
EVLMC,69958700
PSCI,69930000
FEO,69916252
ASYS,69857418
KTCC,69830323
HCCH,69284188
JASN,69035345
LOR,68664226
SYNC,68628833
DGRE,68628000
MGYR,68393766
CASM,68236411
SRV,68083793
CLDX,68066408
CRT,68010000
ARKR,67934694
AEZS,67900339
SKIS,67857999
PPIH,67814216
MOTS,67467649
EEA,67432392
FAT,67233100
GDV-D,67040346
CPHC,67002321
IMMP,66888632
KFFB,66854871
VIRC,66830411
FCEL,66606417
EMES,66417258
JMM,66236450
TRIB,66134382
EDUC,65992499
FWP,65838651
OTIC,65548468
LTRX,65528996
DTSS,65466476
NTZ,65250988
IPIC,65189355
OMEX,65085054
FALN,64975250
UBCP,64896103
IRIX,64776077
REFR,64729574
CZFC,64582047
BFY,64563494
SUSB,64480000
TTPH,64350860
HCAP,64250996
TMSR,64162168
BOTJ,64144087
PATI,64072971
FUV,64037773
HOS,63912092
NRT,63773504
DWTR,63756029
CSS,63706839
FUSB,63358504
SCYX,63322608
CPST,63188220
SEAC,63146112
KBWP,63130000
ATEC,63090405
AIRT,62918034
SESN,62894418
GSL,62616066
EVGBC,62512500
SKYS,62407544
FYT,62407073
PSCU,62318500
CNAT,62310844
CJJD,62214073
PBHC,62163610
LOAN,61943682
SITO,61813212
AGTC,61761184
MZA,61671215
GVP,61482619
CTG,61263418
NLNK,61234477
PDEX,61194798
FTHI,60452059
SORL,60424403
AQXP,60137975
EYES,60061334
BLRX,59974116
CART,59903981
ARAV,59823834
JAKK,59798322
SCPH,59793111
TURN,59784521
TOTA,59769300
BIMI,59753250
ZB-A,59717705
DALI,59646340
SMSI,59455574
BCRH,59441379
FNK,59251737
ATXI,58992458
ATLC,58892278
DX-A,58806860
SMED,58729834
CACG,58712091
HYRE,58423125
PNBK,58300035
GLAC,58109100
EVGN,57947168
PYN,57922905
HFBL,57814692
PRTO,57663876
AAME,57620563
RIOT,57350279
TATT,57064295
ATOM,56977060
OPHT,56948006
KMPH,56879007
FLL,56826877
OPNT,56674531
WKHS,56528633
SPG-J,56495644
ELGX,56475354
SMRT,56458797
VRML,56310865
FMY,56287216
CRWS,56180197
RCMT,55912857
ESBK,55906781
MXE,55801542
DD-A,55650000
ARR-A,55614628
MNE,55612039
HZN,55246926
VCNX,55198353
ORMP,55089398
QAT,55080000
KGJI,54874207
PEIX,54860557
OTEL,54856401
BTEC,54846198
CFBK,54771123
DXGE,54568000
CBMB,54508160
HYND,54416070
ZSAN,54357597
EVOK,54199628
RMCF,54132806
EVK,54028221
SCX,53966122
EYEN,53735621
EAST,53584642
CTIC,53413264
HPJ,53369627
FTD,53343993
HDSN,53249289
LAZY,53201698
MOGO,53047046
KFS,53041022
NFEC,53013023
MTBC,52997316
AP,52978147
VVUS,52937017
NXN,52789838
OBAS,52763364
ISSC,52582275
LOAC,52541900
EVFTC,52515750
DAIO,52330647
BRS,52265350
IMI,52240142
VJET,52228800
ARCT,52196660
PXI,52048000
HBK,51895329
ENTX,51884573
NCB,51881797
BCTF,51812866
SNNA,51793247
TLF,51263565
PHII,50939653
SDR,50719500
FEUZ,50635470
IID,50627266
VBLT,50592389
EEI,50506811
PIXY,50395069
DTYS,50365803
SELB,50336778
EMMS,50134234
UAE,49818000
VTNR,49816778
FVE,49657996
ANH-A,49450663
HSON,49352924
AXR,49336377
RBKB,49122019
MELR,49119028
FRSX,48800266
CIF,48467761
BMLP,48433000
SHOS,48355541
POLA,48180001
LITB,48142099
MIND,47992820
OPI,47975007
INNT,47971089
TANH,47934414
MNDO,47882397
DSWL,47814569
WSTG,47752766
CLSD,47716092
VBFC,47455130
GNCA,47375746
GURE,47271829
HGSH,47108785
TAOP,46771383
MDJH,46723198
AIQ,46715661
BIOL,46680115
SDG,46653920
OVID,46596275
MTEX,46568798
NGHCP,46447500
MSVB,46416695
FORK,46078199
PYDS,46077073
OTTW,45867522
LUB,45745559
HVT.A,45744644
OBLN,45638820
PGLC,45463843
DAVE,45459630
IRL,45184726
CIDM,45106256
ICCH,45089758
EVSTC,44991000
MOGLC,44982000
SPRT,44635466
RETO,44609600
FAMI,44474491
HTBX,44466287
TAYD,44423747
PNRL,44166334
PPSI,44066527
VLRX,44028258
FLF,43739091
LPTH,43621661
AUTO,43508472
PHCF,43449600
CNCR,43336000
SMMT,43096761
MH-A,43020000
DWAQ,43000000
VTGN,42946242
DWPP,42905559
DMAC,42805609
CHNR,42637524
CSA,42426146
NHLD,42371431
OIIM,42184094
EMCB,41994000
NVUS,41928536
PLL,41830426
LEGR,41771658
LMB,41749279
RFAP,41616104
PLXP,41471080
CLBS,41336329
CLSN,41210035
CLD,40988421
CSPI,40957806
PMTS,40874881
CUI,40542125
AQB,40162906
ICCC,39985650
CNFR,39979342
BNGO,39930094
DEST,39730691
ABR-A,39516705
MFV,39420925
PESI,39390691
MBRX,39369555
BLPH,39321128
MBOT,39242837
RVEN,39215106
CMS-B,38785190
ONCS,38652596
SRAX,38506654
VIIX,38332088
DWIN,38275415
ASNS,38078991
PRTS,38055123
BQH,37934983
ANFI,37875561
FMHI,37875101
RGSE,37872000
AZRX,37824340
OCC,37789999
INOD,37781083
LWAY,37693714
WVVI,37581485
APVO,37405802
ADRD,37348850
BXE,37218244
KEG,37144167
GLDI,36967495
CATB,36729209
JVA,36702010
WORX,36658810
WIN,36624359
CFRX,36528396
LPCN,36521047
LPTX,36506894
SLNO,36225557
FCEF,36197150
DTEA,36150782
WISA,36110868
CRIS,36093329
ONCY,36017480
RBZ,35917736
CUBA,35830996
AKAO,35651187
NTRP,35593619
DGLY,35339909
HVBC,35310124
HAIR,35062722
PRPH,34648557
EVLV,34632637
ROBT,34606063
OMED,34535350
FPA,34375063
MOXC,34358919
FSBC,34317848
WSTL,34159358
OBCI,33991015
PHIIK,33854304
GTIM,33811501
BYFC,33618188
SPHS,33588991
WVFC,33538620
OSS,33474634
EMIF,33341880
BVXV,33134929
OTIV,33035502
EMCG,33015000
MN,32966038
AEHR,32858600
SSI,32820585
CFO,32809000
VIVE,32803097
PEZ,32772180
APWC,32752616
ECT,32569250
GLBZ,32503513
NSEC,32220984
NYV,32142692
ASFI,32089992
UBIO,32018526
BHTG,31943444
ABR-B,31941000
CLRO,31897094
FRAN,31756851
ADOM,31638547
NXTD,31614951
SN,31574880
AGRX,31499947
GIGM,31498870
IFEU,31433765
PSCE,31036500
VTSI,30935165
CLIR,30926737
CCIH,30904382
SLS,30837066
PFIN,30786679
TCON,30767467
BCOW,30724320
BSQR,30720812
FTEK,30696643
GRX-A,30672000
WHLM,30646770
SAUC,30612892
ZN,30521470
JCTCF,30503283
MCEP,30436124
BOXL,30414525
GUT-A,30210956
OESX,30168483
GOODO,30072500
SELF,30001234
ASV,29998312
UNAM,29985132
NOVN,29965245
CBAT,29845175
DDIV,29587547
PSAU,29535000
NNDM,29459216
NOM,29224517
CDC,29016000
MHE,28879060
IMRN,28859401
SDT,28840000
MTFB,28559138
BZM,28470583
CLDC,28451203
CIFS,28306161
TRMT,28212955
CVV,27997277
AMCN,27914937
SXE,27858574
LKOR,27615550
ADIL,27576000
AKTX,27462481
IGLD,27443122
FLN,27421462
DRIO,27418331
PIH,27402193
GRID,27249751
IDXG,27173478
FTXL,26877063
GYRO,26777201
JRJC,26690151
FTFT,26674691
BIS,26555465
PAVM,26520099
BANFP,26505300
GOODP,26440100
ATAI,26389928
PFI,26248000
EQS,26233314
FMK,26040069
RKDA,26023309
DSLV,25990191
XELB,25964041
BGRN,25880000
IPAS,25863461
MRIN,25774400
ASTC,25716203
AGND,25703100
GCV-B,25587022
SPCB,25578760
GTXI,25494955
BHV,25461357
ADXS,25330150
EFBI,25312274
CBL-D,25228500
APDN,25089819
LLIT,25084103
VALX,25020000
ANH-B,24999084
QRHC,24807680
ARCW,24750447
RNDM,24612598
ALT,24602281
ISNS,24522455
SLVO,24366835
JCS,24269985
NVLN,24233254
ENG,24208199
OHAI,24206870
CNET,24198815
DLPN,24150598
FAAR,24111054
SMCP,24050000
EDNT,23987519
EPIX,23883088
MYSZ,23861015
BMRA,23787200
ALRN,23745045
NETE,23603046
ZKIN,23346832
SUSC,23265500
DWLV,23230531
NVFY,23159250
BORN,23152500
HHS,23139885
MKGI,23114204
PSCM,23062455
VICL,22904661
DVCR,22843028
FCAL,22651616
GNPX,22491273
MTR,22476200
FPXI,22423314
PXS,22339346
ACHV,22179640
KTOV,22159133
STRM,22140473
SYPR,22040127
QUMU,22010611
DVOL,21989040
GEVO,21946700
RBCN,21933592
CBK,21910308
AWSM,21742241
NCTY,21651959
CTHR,21598069
SNES,21576479
CYAN,21418524
CLGN,21339993
RCON,21298718
BNTC,21204927
CGA,21109372
ONTX,20937872
WCFB,20749259
DXYN,20741984
CHIC,20672000
SNDE,20653222
GGT-B,20624266
CARZ,20622069
CPSH,20515499
XBIO,20406439
BWEN,20301668
JSYN,20155948
CYTR,20148863
SNSS,20024249
TOPS,20006387
NJV,19984308
CODX,19881937
CTXR,19699702
IZEA,19677833
MDRR,19572656
GROW,19525948
GNUS,19471200
AMTX,19462445
RAND,19408503
RWLK,19369789
SHIP,19329653
TWMC,19307832
PTIE,19285616
RRTS,19226787
AEMD,19150110
EYEG,19115306
SRF,19032665
SSLJ,18964000
MARA,18882204
BIQI,18879301
CCNI,18860167
FCSC,18833581
IMTE,18815646
SGLB,18705439
RNLC,18680919
HMNY,18614334
LTBR,18461063
ADRA,18446040
NVCN,18213984
CDMOP,18032770
SSNT,17922006
GULF,17820000
USAU,17800429
EDRY,17782832
TBLT,17767631
DYSL,17605815
WHLR,17583045
FOANC,17493000
DYNT,17442176
SPI,17353006
MILN,17343445
LYL,17011024
HJLI,16990095
BKYI,16913220
GEMP,16833185
CADC,16809724
TUSA,16802667
KZIA,16690669
IKNX,16443654
EVOL,16357969
RAVE,16277016
DWCR,16212240
GENY,16123536
ISIG,16102093
DGLD,16073814
DELT,16069933
LIVE,16048093
NPN,15996949
FORD,15921531
SNGX,15914555
NAOV,15894034
PSET,15831035
GNE-A,15746509
JSMD,15533760
BASI,15419838
RNMC,15334244
TISA,15325732
LIFE,15312007
JAGX,15250345
PAGG,15216000
DAX,15174000
PRAN,15124797
CBLI,15026658
NEON,15000100
SUNW,14875221
SUMR,14862283
NVMM,14826419
EMXC,14775000
KOSS,14735614
DRAD,14707667
TAPR,14610660
TRPX,14548094
DVLU,14536036
AYTU,14496809
FONE,14484697
WINR,14456811
DWSH,14433180
VVPR,14370819
FPAY,14348690
IFMK,14329187
EARS,14265550
AEY,14194970
ABAC,14165099
FTXN,14130038
HEBT,13830767
EFOI,13811376
GENE,13799935
ACT,13798895
PXUS,13604341
ICON,13587302
VXRT,13496847
ADRU,13461500
BNSO,13430055
SAEX,13429809
NVIV,13401007
QBAK,13333248
GNMX,13316071
NDRA,13286529
AMRH,13193281
DLBS,13126617
SGMA,13113025
VTIQW,13041600
KONA,12995115
CAPR,12989263
TYHT,12977450
RLM,12946763
CARV,12945324
XTLB,12794466
PY,12780032
NMK-B,12713937
EDGE,12687892
FID,12682534
BOSC,12661883
LINK,12641429
DCIX,12583011
OPGN,12579159
AIPT,12575013
NSYS,12565145
SINO,12516643
PETZC,12496250
SGRP,12415409
LDRI,12405000
AKER,12320433
TROV,12045594
OSN,12042889
HIHO,11937884
STAF,11890485
MYND,11710256
CTIB,11689493
LKCO,11661500
SGBX,11645248
YTEN,11629941
RVLT,11624947
MYOS,11584271
TAIT,11541186
CNTF,11539513
SCKT,11413231
IDSA,11351011
AMCA,11096000
SMIT,11086460
ELSE,11069398
ALQA,11061514
USEG,11034296
FKU,11012203
CHKE,10951738
MDGS,10934214
MICT,10930275
OHGI,10926417
TRIL,10718440
DDBI,10716000
CREG,10707091
ASET,10680028
LEDS,10644146
DFFN,10365023
HOVNP,10300000
TSRI,10261584
CGIX,10260602
CYCC,10249156
CHEK,10234913
YVR,10192860
AVGR,10122193
HYXE,10106760
CFA,10062280
SNOA,10041330
GRBIC,9999000
CCCL,9782825
FTLB,9758698
CLRB,9753461
DARE,9651726
CPAH,9631086
THST,9608928
FCAN,9597448
FCA,9502554
ARTW,9449590
CUR,9430221
CETX,9329012
FDTS,9317575
YOGA,9312132
WWR,9279933
RGLS,9275364
USATP,9257310
NMK-C,9116832
EMITF,9098900
HL-B,9072842
MCEF,9059136
VTL,8940005
KBSF,8869418
CBL-E,8752650
JSML,8688020
FTRI,8687725
ATOS,8582759
DMPI,8494397
KOOL,8226676
TTTN,8192800
LENS,8168648
MNGA,8092830
HSGX,8063302
CHCI,8060205
CREX,7952754
MOSY,7931675
ACET,7845238
FTXD,7808545
RELV,7786575
AHPI,7786262
NURO,7757268
RNEM,7745563
BURG,7579424
WHLRP,7560000
SPEX,7513155
NAKD,7473872
AETI,7436851
APOP,7433642
IPCI,7419758
ATIS,7390856
ASCMA,7121414
CLWT,7113586
XGTI,7098631
OPHC,6928219
ABIL,6889593
FFHL,6885038
SES,6833815
ESEA,6820846
PHIO,6811634
BVSN,6598883
PETZ,6596625
LALT,6534000
EQRR,6486043
ABIO,6371649
INPX,6338624
APRI,6199629
SBOT,6183629
IPWR,6160192
USOI,6135250
LDSF,6096041
XSPA,6035277
FLKS,6035205
MTSL,6031576
OXBR,5848259
ARDM,5833747
BIOC,5808692
IPDN,5779768
OPTT,5742401
ANY,5676015
SINT,5666347
PMOM,5525808
RNSC,5450044
PULM,5434729
SCON,5396178
DWAT,5379200
PRPO,5165161
SFET,5159831
NAUH,5114824
TCCO,5001613
DTYL,4922906
DTUS,4919521
ZBIO,4899538
MARPS,4800000
ORPN,4736344
ELTK,4685955
PTX,4641871
TNXP,4590983
FTAG,4530656
FLAT,4477436
RNDV,4324043
DCAR,4322038
STPP,4277728
FTXH,4228042
SDVY,4152042
AMMA,4050058
NAV-D,3917628
PVAL,3891026
BPTH,3867521
DFVS,3812166
CTRV,3757467
TENX,3741389
MTP,3725864
FHK,3714074
ARCI,3567833
RTTR,3498130
SLIM,3479535
NFTY,3400268
GNRX,3348150
CYTX,3300353
LRGE,3231065
BLIN,3213020
YLCO,3165800
FDNI,3104621
UDBI,3089840
LMFA,3013000
SRET,2997000
OLD,2820028
VETS,2752700
ISEM,2651027
FTXR,2450049
IUS,2430024
ISDX,2343023
FKO,2338647
ISDS,2334023
IUSS,2332023
NM,2257184
CHNA,2157990
BCNA,2154002
FTXG,1886538
FPXE,1861037
CYCCP,1776947
DWMC,1661250
GLG,1524927
SEED,1465947
TTNP,519831
OHRP,271039
PSB-U,226504
NAO,196499
PACD,117450
GLBS,112777
PSB-V,111012
SEEL,70418
CHFS,23274
ZIONW,0
ZBK,0
ZB-H,0
ZB-G,0
YLDE,0
XAN-C,0
WVVIP,0
WTFCM,0
WRLSW,0
WRLSU,0
WRLSR,0
WRB-E,0
WRB-D,0
WRB-C,0
WRB-B,0
WPG-I,0
WPG-H,0
WMGIZ,0
WINRW,0
WHLRW,0
WHLRD,0
WHFBZ,0
WFE-A,0
WFC-Y,0
WFC-X,0
WFC-W,0
WFC-V,0
WFC-T,0
WFC-R,0
WFC-Q,0
WFC-P,0
WFC-O,0
WFC-N,0
WFC-L,0
WBS-F,0
WBND,0
WALA,0
VZA,0
VTIQU,0
VSMV,0
VSDA,0
VRTSP,0
VNO-M,0
VNO-L,0
VNO-K,0
VLYPP,0
VLYPO,0
VKTXW,0
VEACW,0
VEACU,0
UZC,0
UZB,0
UZA,0
USWSW,0
USB-P,0
USB-O,0
USB-M,0
USB-A,0
UNMA,0
UMH-D,0
UMH-C,0
UMH-B,0
UBP-H,0
UBP-G,0
TZACW,0
TZACU,0
TWO-E,0
TWO-D,0
TWO-C,0
TWO-B,0
TWO-A,0
TWNKW,0
TWLVW,0
TWLVU,0
TWLVR,0
TVE,0
TVC,0
TPVY,0
TOTAW,0
TOTAU,0
TOTAR,0
TOO-E,0
TOO-B,0
TNP-F,0
TNP-E,0
TNP-D,0
TNP-C,0
TNP-B,0
TMK-C,0
TMCXW,0
TMCXU,0
TKKSW,0
TKKSU,0
TKKSR,0
TIBRW,0
TIBRU,0
THGA,0
TGP-B,0
TGP-A,0
TDJ,0
TDI,0
TDE,0
TDACW,0
TDACU,0
TDA,0
TCRZ,0
TCRW,0
TCO-K,0
TCO-J,0
TCGP,0
TCF-D,0
TCBIW,0
TCBIL,0
TBRGW,0
TBRGU,0
TBLTW,0
TBLTU,0
TBC,0
TBB,0
TANNZ,0
TANNL,0
TANNI,0
TACOW,0
Symbol,marketcap
SWP,0
SWJ,0
STT-G,0
STT-E,0
STT-D,0
STT-C,0
STNLW,0
STNLU,0
STL-A,0
SSWN,0
SSW-I,0
SSW-H,0
SSW-G,0
SSWA,0
SRTSW,0
SRG-A,0
SRE-B,0
SRE-A,0
SRC-A,0
SQLV,0
SPKEP,0
SPE-B,0
SOLOW,0
SOJC,0
SOJB,0
SOJA,0
SOHOO,0
SOHOK,0
SOHOB,0
SNV-D,0
SNSR,0
SNOAW,0
SNHNL,0
SNHNI,0
SNGXW,0
SLTB,0
SLNOW,0
SLG-I,0
SJIU,0
SHO-F,0
SHO-E,0
SHIPW,0
SGZA,0
SGLBW,0
SFB,0
SCE-L,0
SCE-K,0
SCE-J,0
SCE-H,0
SCE-G,0
SCACW,0
SCA,0
SBNA,0
SBLKZ,0
SBFGP,0
SB-D,0
SB-C,0
SBBC,0
SAN-B,0
SAMAW,0
SAMAU,0
SAMA,0
SAF,0
SAB,0
RZB,0
RZA,0
RY-T,0
ROSEW,0
ROSEU,0
RNR-F,0
RLJ-A,0
RILYZ,0
RILYL,0
RILYI,0
RILYH,0
RILYG,0
RF-B,0
RF-A,0
RETA,0
RCP,0
RCA,0
RBZAW,0
QVCD,0
QTS-B,0
QTS-A,0
QTM,0
PYT,0
PYS,0
PUK-A,0
PSB-Y,0
PSB-X,0
PSB-W,0
PSA-Z,0
PSA-Y,0
PSA-X,0
PSA-W,0
PSA-V,0
PSA-U,0
PSA-G,0
PSA-F,0
PSA-E,0
PSA-D,0
PSA-C,0
PSA-B,0
PSA-A,0
PRTHW,0
PRTHU,0
PRH,0
PRE-I,0
PRE-H,0
PRE-G,0
PPX,0
PNC-Q,0
PNC-P,0
PMT-B,0
PMT-A,0
PJH,0
PIY,0
PIHPP,0
PHUNW,0
PHIOW,0
PFH,0
PEI-D,0
PEI-C,0
PEI-B,0
PEB-F,0
PEB-E,0
PEB-D,0
PBI-B,0
PBCTP,0
PBC,0
PBB,0
PAVMZ,0
PAVMW,0
PACQW,0
PACQU,0
OXSQL,0
OXLCO,0
OXLCM,0
OXBRW,0
OTLKW,0
OSLE,0
OSBCP,0
ORG,0
OPINI,0
OPGNW,0
OPESW,0
OPESU,0
ONTXW,0
OFSSZ,0
OFSSL,0
OFG-D,0
OFG-B,0
OFG-A,0
OCSLL,0
OCCI,0
OAK-B,0
OAK-A,0
NYMTP,0
NYMTO,0
NYMTN,0
NXTDW,0
NXEOW,0
NXEOU,0
NUROW,0
NSS,0
NS-C,0
NSA-A,0
NS-A,0
NNN-F,0
NNN-E,0
NM-H,0
NM-G,0
NMFX,0
NLY-H,0
NLY-G,0
NLY-F,0
NI-B,0
NHLDW,0
NGL-B,0
NGHCZ,0
NGHCO,0
NGHCN,0
NEWTZ,0
NEWTI,0
NESRW,0
NEE-R,0
NEE-K,0
NEE-J,0
NEE-I,0
NEBUW,0
NEBUU,0
NDRAW,0
NCZ-A,0
NCV-A,0
NBR-A,0
MYNDW,0
MVCD,0
MUDSW,0
MUDSU,0
MTFBW,0
MTECW,0
MTECU,0
MTBCP,0
MS-K,0
MS-I,0
MS-F,0
MS-E,0
MRCCL,0
MNR-C,0
MMDMW,0
MMDMU,0
MMDMR,0
MINDP,0
MHNC,0
MHLA,0
MH-D,0
MH-C,0
MFO,0
MFINL,0
MET-E,0
MER-K,0
MDLX,0
MDLQ,0
MDGSW,0
MCX,0
MCV,0
MBFIO,0
MAA-I,0
LSXMB,0
LSXMA,0
LOACW,0
LOACU,0
LOACR,0
LNGR,0
LMRKP,0
LMRKO,0
LMRKN,0
LMHB,0
LMHA,0
LMFAW,0
LINDW,0
LFACW,0
LFACU,0
LANDP,0
LACQW,0
LACQU,0
KYN-F,0
KTP,0
KTOVW,0
KTN,0
KTH,0
KRMA,0
KMPA,0
KKR-B,0
KKR-A,0
KIM-M,0
KIM-L,0
KIM-K,0
KIM-J,0
KEY-J,0
KEY-I,0
KCAPL,0
KBLMW,0
KBLMR,0
JSYNW,0
JSYNR,0
JSM,0
JPM-H,0
JPM-G,0
JPM-F,0
JPM-E,0
JPM-D,0
JPM-C,0
JPM-B,0
JPM-A,0
JMPD,0
JMPB,0
JBR,0
JBN,0
JBK,0
JASNW,0
IVR-C,0
IVR-B,0
IVR-A,0
IVFVC,0
IVENC,0
ISG,0
ISF,0
IPLDP,0
INN-E,0
INN-D,0
INFR,0
INBKL,0
IMRNW,0
IFFT,0
IEAWW,0
IBKCP,0
IBKCO,0
HYACW,0
HYACU,0
HWCPL,0
HUNTW,0
HUNTU,0
HTGX,0
HTFA,0
HT-E,0
HT-D,0
HT-C,0
HPR,0
HNDL,0
HJV,0
HJLIW,0
HIG-G,0
HHHHU,0
HGH,0
HE-U,0
HES-A,0
HCXZ,0
HCXY,0
HCCHW,0
HCCHU,0
HCCHR,0
HCAPZ,0
HBANN,0
GYC,0
GYB,0
GUT-C,0
GTYHW,0
GSL-B,0
GS-J,0
GRX-B,0
GRSHW,0
GRSHU,0
GPJA,0
GPAQW,0
GPAQU,0
GOODM,0
GNT-A,0
GNL-A,0
GMTA,0
GMLPP,0
GMHIU,0
GLP-A,0
GLADN,0
GLADD,0
GLACW,0
GLACU,0
GLACR,0
GJV,0
GJT,0
GJS,0
GJR,0
GJP,0
GJO,0
GJH,0
GGZ-A,0
GGT-E,0
GFNSL,0
GFNCP,0
GECCM,0
GECCL,0
GDV-G,0
GDL-C,0
GCVRZ,0
GBLIZ,0
GBLIL,0
GAINM,0
GAINL,0
GAB-J,0
GAB-H,0
GAB-G,0
FWONA,0
FTV-A,0
FTACW,0
FTACU,0
FTAC,0
FRT-C,0
FRC-I,0
FRC-H,0
FRC-F,0
FPAYW,0
FNB-E,0
FMCIW,0
FMCIU,0
FLMNW,0
FINX,0
FHN-A,0
FDUSL,0
FBIOP,0
EZT,0
EYESW,0
EYEGW,0
ETP-D,0
ETP-C,0
ESTRW,0
ESGRP,0
ESGRO,0
EPR-G,0
EPR-E,0
EP-C,0
ENTXW,0
ENR-A,0
ENO,0
ENJ,0
ENBA,0
EMP,0
ELU,0
ELJ,0
ELC,0
EFAS,0
EDTXW,0
EDBI,0
ECCY,0
ECCX,0
ECCB,0
ECCA,0
EBIZ,0
EBAYL,0
EAI,0
EAGLW,0
EAGLU,0
EAE,0
EAB,0
DYNC,0
DXB,0
DX-B,0
DUKH,0
DUKB,0
DTY,0
DTW,0
DTV,0
DTQ,0
DTJ,0
DSX-B,0
DSKEW,0
DS-D,0
DS-C,0
DS-B,0
DRUA,0
DRIV,0
DRIOW,0
DLR-J,0
DLR-I,0
DLR-H,0
DLR-G,0
DLR-C,0
DLPNW,0
DKT,0
DFBHW,0
DFBHU,0
DDT,0
DDMXW,0
DCUD,0
DCP-C,0
DCP-B,0
CYTXZ,0
CYRXW,0
CVNA,0
CTZ,0
CTY,0
CTXRW,0
CTV,0
CTDD,0
CTBB,0
CTACW,0
CTACU,0
CTAA,0
CSWCL,0
CSSEP,0
CSB,0
C-S,0
CREXW,0
CPTAL,0
CPTAG,0
CPE-A,0
COWNZ,0
COWNL,0
COF-P,0
COF-H,0
COF-G,0
COF-F,0
COF-D,0
COF-C,0
CNP-B,0
CNFRL,0
CNACW,0
CNACR,0
C-N,0
CMSSW,0
CMSSU,0
CMSSR,0
CMSC,0
CMSA,0
CMO-E,0
CMFNL,0
CMCTP,0
CLRBZ,0
CLRBW,0
CLIRW,0
C-L,0
C-K,0
C-J,0
CIZ,0
CIVEC,0
CIVBP,0
CIM-D,0
CIM-C,0
CIM-B,0
CIM-A,0
CIL,0
CID,0
CHSCL,0
CHEKZ,0
CHEKW,0
CGVIC,0
CFXA,0
CFR-A,0
CFG-D,0
CFFAW,0
CFFAU,0
CEZ,0
CEY,0
CETXW,0
CETXP,0
CELGZ,0
CDR-C,0
CDL,0
CCZ,0
CCI-A,0
CBB-B,0
CATH,0
CAI-B,0
CAI-A,0
BXP-B,0
BWMCU,0
BWMC,0
BVXVW,0
BVNSC,0
BSA,0
BRPAW,0
BRPAR,0
BRACW,0
BRACR,0
BPRAP,0
BPOPM,0
BOTZ,0
BOKFL,0
BNGOW,0
BLNKW,0
BK-C,0
BHR-D,0
BHFAL,0
BFS-D,0
BFS-C,0
BFIT,0
BDXA,0
BC-B,0
BCACW,0
BCACR,0
BC-A,0
BBT-H,0
BBT-G,0
BBCPW,0
BATRA,0
BAC-Y,0
BAC-W,0
BAC-L,0
BAC-K,0
BAC-C,0
BAC-B,0
BAC-A,0
AXS-E,0
AXS-D,0
AXO,0
ATISW,0
ASRVP,0
ASB-E,0
ASB-C,0
ARYAW,0
ARYAU,0
ARI-C,0
ARGD,0
ARE-D,0
AQNA,0
APOPW,0
APO-B,0
APO-A,0
APDNW,0
ANH-C,0
ANDAU,0
AMRWW,0
AMRHW,0
AMH-H,0
AMH-G,0
AMH-F,0
AMH-E,0
AMH-D,0
AMCIW,0
AMCIU,0
AMCI,0
AMBCW,0
ALTY,0
ALP-Q,0
ALL-G,0
ALL-F,0
ALL-E,0
ALL-D,0
ALL-B,0
ALL-A,0
ALGRW,0
ALGRU,0
ALGRR,0
ALACW,0
ALACU,0
ALACR,0
AJXA,0
AIZP,0
AIY,0
AIW,0
AIV-A,0
AIC,0
AI-B,0
AHT-I,0
AHT-H,0
AHT-G,0
AHT-F,0
AHL-C,0
AGO-F,0
AGO-E,0
AGO-B,0
AGNCN,0
AGM-C,0
AGM-B,0
AGM-A,0
AGFSW,0
AFST,0
AFSS,0
AFHBL,0
AFGH,0
AFGE,0
AEH,0
AED,0
AEB,0
ADILW,0
ACGLP,0
ACGLO,0
ABR-C,0
ABEOW,0
